Downloading https://services.gradle.org/distributions/gradle-8.1.1-bin.zip
...........10%............20%............30%............40%............50%............60%............70%............80%...........90%............100%

Welcome to Gradle 8.1.1!

Here are the highlights of this release:
 - Stable configuration cache
 - Experimental Kotlin DSL assignment syntax
 - Building with Java 20

For more details see https://docs.gradle.org/8.1.1/release-notes.html

To honour the JVM settings for this build a single-use Daemon process will be forked. See https://docs.gradle.org/8.1.1/userguide/gradle_daemon.html#sec:disabling_the_daemon.
Daemon will be stopped at the end of the build 
> Task :app:preBuild UP-TO-DATE
> Task :app:preDebugBuild UP-TO-DATE
> Task :app:mergeDebugNativeDebugMetadata NO-SOURCE
> Task :app:generateDebugResValues
> Task :app:checkDebugAarMetadata
> Task :app:mapDebugSourceSetPaths
> Task :app:generateDebugResources
> Task :app:packageDebugResources
> Task :app:mergeDebugResources
> Task :app:createDebugCompatibleScreenManifests
> Task :app:extractDeepLinksDebug
> Task :app:parseDebugLocalResources
> Task :app:processDebugMainManifest
> Task :app:processDebugManifest
> Task :app:javaPreCompileDebug
> Task :app:mergeDebugShaders
> Task :app:compileDebugShaders NO-SOURCE
> Task :app:generateDebugAssets UP-TO-DATE
> Task :app:mergeDebugAssets
> Task :app:processDebugManifestForPackage
> Task :app:compressDebugAssets
> Task :app:desugarDebugFileDependencies
> Task :app:processDebugResources
> Task :app:checkDebugDuplicateClasses
> Task :app:kspDebugKotlin
> Task :app:mergeExtDexDebug
> Task :app:mergeDebugJniLibFolders
> Task :app:mergeLibDexDebug
> Task :app:mergeDebugNativeLibs NO-SOURCE
> Task :app:stripDebugDebugSymbols NO-SOURCE
> Task :app:validateSigningDebug
> Task :app:writeDebugAppMetadata
> Task :app:writeDebugSigningConfigVersions

> Task :app:compileDebugKotlin FAILED
e: file:///home/runner/work/hotspot-scheduler/hotspot-scheduler/app/src/main/java/com/iranjan/hotspotscheduler/HotspotApp.kt:17:65 Unresolved reference: EntryPointAccessors
e: file:///home/runner/work/hotspot-scheduler/hotspot-scheduler/app/src/main/java/com/iranjan/hotspotscheduler/HotspotApp.kt:18:61 Unresolved reference: EntryPointAccessors
e: file:///home/runner/work/hotspot-scheduler/hotspot-scheduler/app/src/main/java/com/iranjan/hotspotscheduler/HotspotApp.kt:19:57 Unresolved reference: EntryPointAccessors
e: file:///home/runner/work/hotspot-scheduler/hotspot-scheduler/app/src/main/java/com/iranjan/hotspotscheduler/accessibility/NodeDumper.kt:21:27 Unresolved reference: boundsInScreen
e: file:///home/runner/work/hotspot-scheduler/hotspot-scheduler/app/src/main/java/com/iranjan/hotspotscheduler/accessibility/NodeDumper.kt:39:45 Only safe (?.) or non-null asserted (!!.) calls are allowed on a nullable receiver of type String?
e: file:///home/runner/work/hotspot-scheduler/hotspot-scheduler/app/src/main/java/com/iranjan/hotspotscheduler/accessibility/ToggleHostActivity.kt:13:42 Unresolved reference: AttemptLog
e: file:///home/runner/work/hotspot-scheduler/hotspot-scheduler/app/src/main/java/com/iranjan/hotspotscheduler/automation/diagnostics/AutomationDiagnostics.kt:12:42 Unresolved reference: AttemptLog
e: file:///home/runner/work/hotspot-scheduler/hotspot-scheduler/app/src/main/java/com/iranjan/hotspotscheduler/automation/diagnostics/AutomationDiagnostics.kt:45:9 Unresolved reference: AttemptLog
e: file:///home/runner/work/hotspot-scheduler/hotspot-scheduler/app/src/main/java/com/iranjan/hotspotscheduler/automation/diagnostics/AutomationDiagnostics.kt:53:32 Unresolved reference: AttemptLog
e: file:///home/runner/work/hotspot-scheduler/hotspot-scheduler/app/src/main/java/com/iranjan/hotspotscheduler/automation/diagnostics/AutomationDiagnostics.kt:55:9 Unresolved reference: AttemptLog
e: file:///home/runner/work/hotspot-scheduler/hotspot-scheduler/app/src/main/java/com/iranjan/hotspotscheduler/automation/diagnostics/AutomationDiagnostics.kt:108:36 Suspend function 'dumpCurrentUi' should be called only from a coroutine or another suspend function
e: file:///home/runner/work/hotspot-scheduler/hotspot-scheduler/app/src/main/java/com/iranjan/hotspotscheduler/automation/diagnostics/AutomationDiagnostics.kt:111:53 Unresolved reference: error
e: file:///home/runner/work/hotspot-scheduler/hotspot-scheduler/app/src/main/java/com/iranjan/hotspotscheduler/automation/diagnostics/AutomationDiagnostics.kt:120:37 Suspend function 'detectKeyguard' should be called only from a coroutine or another suspend function
e: file:///home/runner/work/hotspot-scheduler/hotspot-scheduler/app/src/main/java/com/iranjan/hotspotscheduler/automation/diagnostics/AutomationDiagnostics.kt:123:36 Unresolved reference: error
e: file:///home/runner/work/hotspot-scheduler/hotspot-scheduler/app/src/main/java/com/iranjan/hotspotscheduler/automation/diagnostics/AutomationDiagnostics.kt:127:41 Suspend function 'resolveHotspot' should be called only from a coroutine or another suspend function
e: file:///home/runner/work/hotspot-scheduler/hotspot-scheduler/app/src/main/java/com/iranjan/hotspotscheduler/automation/diagnostics/AutomationDiagnostics.kt:128:31 Suspend function 'readState' should be called only from a coroutine or another suspend function
e: file:///home/runner/work/hotspot-scheduler/hotspot-scheduler/app/src/main/java/com/iranjan/hotspotscheduler/automation/diagnostics/AutomationDiagnostics.kt:133:41 Suspend function 'resolveMobileData' should be called only from a coroutine or another suspend function
e: file:///home/runner/work/hotspot-scheduler/hotspot-scheduler/app/src/main/java/com/iranjan/hotspotscheduler/automation/diagnostics/AutomationDiagnostics.kt:134:31 Suspend function 'readState' should be called only from a coroutine or another suspend function
e: file:///home/runner/work/hotspot-scheduler/hotspot-scheduler/app/src/main/java/com/iranjan/hotspotscheduler/automation/diagnostics/AutomationDiagnostics.kt:145:97 Unresolved reference: error
e: file:///home/runner/work/hotspot-scheduler/hotspot-scheduler/app/src/main/java/com/iranjan/hotspotscheduler/automation/diagnostics/AutomationDiagnostics.kt:158:105 Unresolved reference: error
e: file:///home/runner/work/hotspot-scheduler/hotspot-scheduler/app/src/main/java/com/iranjan/hotspotscheduler/automation/diagnostics/AutomationDiagnostics.kt:172:87 Unresolved reference: error
e: file:///home/runner/work/hotspot-scheduler/hotspot-scheduler/app/src/main/java/com/iranjan/hotspotscheduler/automation/recovery/CrashRecovery.kt:18:58 Unresolved reference: withLock
e: file:///home/runner/work/hotspot-scheduler/hotspot-scheduler/app/src/main/java/com/iranjan/hotspotscheduler/automation/recovery/CrashRecovery.kt:23:46 Suspension functions can be called only within coroutine body
e: file:///home/runner/work/hotspot-scheduler/hotspot-scheduler/app/src/main/java/com/iranjan/hotspotscheduler/automation/recovery/CrashRecovery.kt:27:15 Unresolved reference: withLock
e: file:///home/runner/work/hotspot-scheduler/hotspot-scheduler/app/src/main/java/com/iranjan/hotspotscheduler/automation/recovery/ReconciliationEngineImpl.kt:36:33 Unresolved reference: withLock
e: file:///home/runner/work/hotspot-scheduler/hotspot-scheduler/app/src/main/java/com/iranjan/hotspotscheduler/automation/recovery/ReconciliationEngineImpl.kt:40:13 'return' is not allowed here
e: file:///home/runner/work/hotspot-scheduler/hotspot-scheduler/app/src/main/java/com/iranjan/hotspotscheduler/automation/recovery/ReconciliationEngineImpl.kt:57:95 Suspension functions can be called only within coroutine body
e: file:///home/runner/work/hotspot-scheduler/hotspot-scheduler/app/src/main/java/com/iranjan/hotspotscheduler/automation/recovery/ReconciliationEngineImpl.kt:58:99 Suspension functions can be called only within coroutine body
e: file:///home/runner/work/hotspot-scheduler/hotspot-scheduler/app/src/main/java/com/iranjan/hotspotscheduler/automation/recovery/ReconciliationEngineImpl.kt:63:50 Suspension functions can be called only within coroutine body
e: file:///home/runner/work/hotspot-scheduler/hotspot-scheduler/app/src/main/java/com/iranjan/hotspotscheduler/automation/recovery/ReconciliationEngineImpl.kt:70:39 Suspension functions can be called only within coroutine body
e: file:///home/runner/work/hotspot-scheduler/hotspot-scheduler/app/src/main/java/com/iranjan/hotspotscheduler/automation/recovery/ReconciliationEngineImpl.kt:74:103 Unresolved reference: detail
e: file:///home/runner/work/hotspot-scheduler/hotspot-scheduler/app/src/main/java/com/iranjan/hotspotscheduler/automation/recovery/ReconciliationEngineImpl.kt:81:17 'return' is not allowed here
e: file:///home/runner/work/hotspot-scheduler/hotspot-scheduler/app/src/main/java/com/iranjan/hotspotscheduler/automation/recovery/ReconciliationEngineImpl.kt:90:43 Suspension functions can be called only within coroutine body
e: file:///home/runner/work/hotspot-scheduler/hotspot-scheduler/app/src/main/java/com/iranjan/hotspotscheduler/automation/recovery/ReconciliationEngineImpl.kt:92:13 'return' is not allowed here
e: file:///home/runner/work/hotspot-scheduler/hotspot-scheduler/app/src/main/java/com/iranjan/hotspotscheduler/automation/recovery/ReconciliationEngineImpl.kt:99:9 'return' is not allowed here
e: file:///home/runner/work/hotspot-scheduler/hotspot-scheduler/app/src/main/java/com/iranjan/hotspotscheduler/automation/recovery/ReconciliationEngineImpl.kt:106:55 Unresolved reference. None of the following candidates is applicable because of receiver type mismatch: 
public fun <T> Array<out TypeVariable(T)>.first(): TypeVariable(T) defined in kotlin.collections
public inline fun <T> Array<out TypeVariable(T)>.first(predicate: (TypeVariable(T)) -> Boolean): TypeVariable(T) defined in kotlin.collections
public fun BooleanArray.first(): Boolean defined in kotlin.collections
public inline fun BooleanArray.first(predicate: (Boolean) -> Boolean): Boolean defined in kotlin.collections
public fun ByteArray.first(): Byte defined in kotlin.collections
public inline fun ByteArray.first(predicate: (Byte) -> Boolean): Byte defined in kotlin.collections
public fun CharArray.first(): Char defined in kotlin.collections
public inline fun CharArray.first(predicate: (Char) -> Boolean): Char defined in kotlin.collections
public fun CharSequence.first(): Char defined in kotlin.text
public inline fun CharSequence.first(predicate: (Char) -> Boolean): Char defined in kotlin.text
public fun DoubleArray.first(): Double defined in kotlin.collections
public inline fun DoubleArray.first(predicate: (Double) -> Boolean): Double defined in kotlin.collections
public fun FloatArray.first(): Float defined in kotlin.collections
public inline fun FloatArray.first(predicate: (Float) -> Boolean): Float defined in kotlin.collections
public fun IntArray.first(): Int defined in kotlin.collections
public inline fun IntArray.first(predicate: (Int) -> Boolean): Int defined in kotlin.collections
public fun LongArray.first(): Long defined in kotlin.collections
public inline fun LongArray.first(predicate: (Long) -> Boolean): Long defined in kotlin.collections
public fun ShortArray.first(): Short defined in kotlin.collections
public inline fun ShortArray.first(predicate: (Short) -> Boolean): Short defined in kotlin.collections
public inline fun UByteArray.first(): UByte defined in kotlin.collections
public inline fun UByteArray.first(predicate: (UByte) -> Boolean): UByte defined in kotlin.collections
public inline fun UIntArray.first(): UInt defined in kotlin.collections
public inline fun UIntArray.first(predicate: (UInt) -> Boolean): UInt defined in kotlin.collections
public inline fun ULongArray.first(): ULong defined in kotlin.collections
public inline fun ULongArray.first(predicate: (ULong) -> Boolean): ULong defined in kotlin.collections
public inline fun UShortArray.first(): UShort defined in kotlin.collections
public inline fun UShortArray.first(predicate: (UShort) -> Boolean): UShort defined in kotlin.collections
public fun <T> Iterable<TypeVariable(T)>.first(): TypeVariable(T) defined in kotlin.collections
public inline fun <T> Iterable<TypeVariable(T)>.first(predicate: (TypeVariable(T)) -> Boolean): TypeVariable(T) defined in kotlin.collections
public fun <T> List<TypeVariable(T)>.first(): TypeVariable(T) defined in kotlin.collections
public fun CharProgression.first(): Char defined in kotlin.ranges
public fun IntProgression.first(): Int defined in kotlin.ranges
public fun LongProgression.first(): Long defined in kotlin.ranges
public fun UIntProgression.first(): UInt defined in kotlin.ranges
public fun ULongProgression.first(): ULong defined in kotlin.ranges
public fun <T> Sequence<TypeVariable(T)>.first(): TypeVariable(T) defined in kotlin.sequences
public inline fun <T> Sequence<TypeVariable(T)>.first(predicate: (TypeVariable(T)) -> Boolean): TypeVariable(T) defined in kotlin.sequences
e: file:///home/runner/work/hotspot-scheduler/hotspot-scheduler/app/src/main/java/com/iranjan/hotspotscheduler/automation/recovery/ReconciliationEngineImpl.kt:108:67 Classifier 'MasterDisabled' does not have a companion object, and thus must be initialized here
e: file:///home/runner/work/hotspot-scheduler/hotspot-scheduler/app/src/main/java/com/iranjan/hotspotscheduler/automation/recovery/ReconciliationEngineImpl.kt:127:48 Unresolved reference. None of the following candidates is applicable because of receiver type mismatch: 
public fun <T> Array<out TypeVariable(T)>.first(): TypeVariable(T) defined in kotlin.collections
public inline fun <T> Array<out TypeVariable(T)>.first(predicate: (TypeVariable(T)) -> Boolean): TypeVariable(T) defined in kotlin.collections
public fun BooleanArray.first(): Boolean defined in kotlin.collections
public inline fun BooleanArray.first(predicate: (Boolean) -> Boolean): Boolean defined in kotlin.collections
public fun ByteArray.first(): Byte defined in kotlin.collections
public inline fun ByteArray.first(predicate: (Byte) -> Boolean): Byte defined in kotlin.collections
public fun CharArray.first(): Char defined in kotlin.collections
public inline fun CharArray.first(predicate: (Char) -> Boolean): Char defined in kotlin.collections
public fun CharSequence.first(): Char defined in kotlin.text
public inline fun CharSequence.first(predicate: (Char) -> Boolean): Char defined in kotlin.text
public fun DoubleArray.first(): Double defined in kotlin.collections
public inline fun DoubleArray.first(predicate: (Double) -> Boolean): Double defined in kotlin.collections
public fun FloatArray.first(): Float defined in kotlin.collections
public inline fun FloatArray.first(predicate: (Float) -> Boolean): Float defined in kotlin.collections
public fun IntArray.first(): Int defined in kotlin.collections
public inline fun IntArray.first(predicate: (Int) -> Boolean): Int defined in kotlin.collections
public fun LongArray.first(): Long defined in kotlin.collections
public inline fun LongArray.first(predicate: (Long) -> Boolean): Long defined in kotlin.collections
public fun ShortArray.first(): Short defined in kotlin.collections
public inline fun ShortArray.first(predicate: (Short) -> Boolean): Short defined in kotlin.collections
public inline fun UByteArray.first(): UByte defined in kotlin.collections
public inline fun UByteArray.first(predicate: (UByte) -> Boolean): UByte defined in kotlin.collections
public inline fun UIntArray.first(): UInt defined in kotlin.collections
public inline fun UIntArray.first(predicate: (UInt) -> Boolean): UInt defined in kotlin.collections
public inline fun ULongArray.first(): ULong defined in kotlin.collections
public inline fun ULongArray.first(predicate: (ULong) -> Boolean): ULong defined in kotlin.collections
public inline fun UShortArray.first(): UShort defined in kotlin.collections
public inline fun UShortArray.first(predicate: (UShort) -> Boolean): UShort defined in kotlin.collections
public fun <T> Iterable<TypeVariable(T)>.first(): TypeVariable(T) defined in kotlin.collections
public inline fun <T> Iterable<TypeVariable(T)>.first(predicate: (TypeVariable(T)) -> Boolean): TypeVariable(T) defined in kotlin.collections
public fun <T> List<TypeVariable(T)>.first(): TypeVariable(T) defined in kotlin.collections
public fun CharProgression.first(): Char defined in kotlin.ranges
public fun IntProgression.first(): Int defined in kotlin.ranges
public fun LongProgression.first(): Long defined in kotlin.ranges
public fun UIntProgression.first(): UInt defined in kotlin.ranges
public fun ULongProgression.first(): ULong defined in kotlin.ranges
public fun <T> Sequence<TypeVariable(T)>.first(): TypeVariable(T) defined in kotlin.sequences
public inline fun <T> Sequence<TypeVariable(T)>.first(predicate: (TypeVariable(T)) -> Boolean): TypeVariable(T) defined in kotlin.sequences
e: file:///home/runner/work/hotspot-scheduler/hotspot-scheduler/app/src/main/java/com/iranjan/hotspotscheduler/automation/recovery/ReconciliationEngineImpl.kt:128:53 Unresolved reference. None of the following candidates is applicable because of receiver type mismatch: 
public fun <T> Array<out TypeVariable(T)>.first(): TypeVariable(T) defined in kotlin.collections
public inline fun <T> Array<out TypeVariable(T)>.first(predicate: (TypeVariable(T)) -> Boolean): TypeVariable(T) defined in kotlin.collections
public fun BooleanArray.first(): Boolean defined in kotlin.collections
public inline fun BooleanArray.first(predicate: (Boolean) -> Boolean): Boolean defined in kotlin.collections
public fun ByteArray.first(): Byte defined in kotlin.collections
public inline fun ByteArray.first(predicate: (Byte) -> Boolean): Byte defined in kotlin.collections
public fun CharArray.first(): Char defined in kotlin.collections
public inline fun CharArray.first(predicate: (Char) -> Boolean): Char defined in kotlin.collections
public fun CharSequence.first(): Char defined in kotlin.text
public inline fun CharSequence.first(predicate: (Char) -> Boolean): Char defined in kotlin.text
public fun DoubleArray.first(): Double defined in kotlin.collections
public inline fun DoubleArray.first(predicate: (Double) -> Boolean): Double defined in kotlin.collections
public fun FloatArray.first(): Float defined in kotlin.collections
public inline fun FloatArray.first(predicate: (Float) -> Boolean): Float defined in kotlin.collections
public fun IntArray.first(): Int defined in kotlin.collections
public inline fun IntArray.first(predicate: (Int) -> Boolean): Int defined in kotlin.collections
public fun LongArray.first(): Long defined in kotlin.collections
public inline fun LongArray.first(predicate: (Long) -> Boolean): Long defined in kotlin.collections
public fun ShortArray.first(): Short defined in kotlin.collections
public inline fun ShortArray.first(predicate: (Short) -> Boolean): Short defined in kotlin.collections
public inline fun UByteArray.first(): UByte defined in kotlin.collections
public inline fun UByteArray.first(predicate: (UByte) -> Boolean): UByte defined in kotlin.collections
public inline fun UIntArray.first(): UInt defined in kotlin.collections
public inline fun UIntArray.first(predicate: (UInt) -> Boolean): UInt defined in kotlin.collections
public inline fun ULongArray.first(): ULong defined in kotlin.collections
public inline fun ULongArray.first(predicate: (ULong) -> Boolean): ULong defined in kotlin.collections
public inline fun UShortArray.first(): UShort defined in kotlin.collections
public inline fun UShortArray.first(predicate: (UShort) -> Boolean): UShort defined in kotlin.collections
public fun <T> Iterable<TypeVariable(T)>.first(): TypeVariable(T) defined in kotlin.collections
public inline fun <T> Iterable<TypeVariable(T)>.first(predicate: (TypeVariable(T)) -> Boolean): TypeVariable(T) defined in kotlin.collections
public fun <T> List<TypeVariable(T)>.first(): TypeVariable(T) defined in kotlin.collections
public fun CharProgression.first(): Char defined in kotlin.ranges
public fun IntProgression.first(): Int defined in kotlin.ranges
public fun LongProgression.first(): Long defined in kotlin.ranges
public fun UIntProgression.first(): UInt defined in kotlin.ranges
public fun ULongProgression.first(): ULong defined in kotlin.ranges
public fun <T> Sequence<TypeVariable(T)>.first(): TypeVariable(T) defined in kotlin.sequences
public inline fun <T> Sequence<TypeVariable(T)>.first(predicate: (TypeVariable(T)) -> Boolean): TypeVariable(T) defined in kotlin.sequences
e: file:///home/runner/work/hotspot-scheduler/hotspot-scheduler/app/src/main/java/com/iranjan/hotspotscheduler/automation/recovery/ReconciliationEngineImpl.kt:129:71 Unresolved reference. None of the following candidates is applicable because of receiver type mismatch: 
public fun <T> Array<out TypeVariable(T)>.first(): TypeVariable(T) defined in kotlin.collections
public inline fun <T> Array<out TypeVariable(T)>.first(predicate: (TypeVariable(T)) -> Boolean): TypeVariable(T) defined in kotlin.collections
public fun BooleanArray.first(): Boolean defined in kotlin.collections
public inline fun BooleanArray.first(predicate: (Boolean) -> Boolean): Boolean defined in kotlin.collections
public fun ByteArray.first(): Byte defined in kotlin.collections
public inline fun ByteArray.first(predicate: (Byte) -> Boolean): Byte defined in kotlin.collections
public fun CharArray.first(): Char defined in kotlin.collections
public inline fun CharArray.first(predicate: (Char) -> Boolean): Char defined in kotlin.collections
public fun CharSequence.first(): Char defined in kotlin.text
public inline fun CharSequence.first(predicate: (Char) -> Boolean): Char defined in kotlin.text
public fun DoubleArray.first(): Double defined in kotlin.collections
public inline fun DoubleArray.first(predicate: (Double) -> Boolean): Double defined in kotlin.collections
public fun FloatArray.first(): Float defined in kotlin.collections
public inline fun FloatArray.first(predicate: (Float) -> Boolean): Float defined in kotlin.collections
public fun IntArray.first(): Int defined in kotlin.collections
public inline fun IntArray.first(predicate: (Int) -> Boolean): Int defined in kotlin.collections
public fun LongArray.first(): Long defined in kotlin.collections
public inline fun LongArray.first(predicate: (Long) -> Boolean): Long defined in kotlin.collections
public fun ShortArray.first(): Short defined in kotlin.collections
public inline fun ShortArray.first(predicate: (Short) -> Boolean): Short defined in kotlin.collections
public inline fun UByteArray.first(): UByte defined in kotlin.collections
public inline fun UByteArray.first(predicate: (UByte) -> Boolean): UByte defined in kotlin.collections
public inline fun UIntArray.first(): UInt defined in kotlin.collections
public inline fun UIntArray.first(predicate: (UInt) -> Boolean): UInt defined in kotlin.collections
public inline fun ULongArray.first(): ULong defined in kotlin.collections
public inline fun ULongArray.first(predicate: (ULong) -> Boolean): ULong defined in kotlin.collections
public inline fun UShortArray.first(): UShort defined in kotlin.collections
public inline fun UShortArray.first(predicate: (UShort) -> Boolean): UShort defined in kotlin.collections
public fun <T> Iterable<TypeVariable(T)>.first(): TypeVariable(T) defined in kotlin.collections
public inline fun <T> Iterable<TypeVariable(T)>.first(predicate: (TypeVariable(T)) -> Boolean): TypeVariable(T) defined in kotlin.collections
public fun <T> List<TypeVariable(T)>.first(): TypeVariable(T) defined in kotlin.collections
public fun CharProgression.first(): Char defined in kotlin.ranges
public fun IntProgression.first(): Int defined in kotlin.ranges
public fun LongProgression.first(): Long defined in kotlin.ranges
public fun UIntProgression.first(): UInt defined in kotlin.ranges
public fun ULongProgression.first(): ULong defined in kotlin.ranges
public fun <T> Sequence<TypeVariable(T)>.first(): TypeVariable(T) defined in kotlin.sequences
public inline fun <T> Sequence<TypeVariable(T)>.first(predicate: (TypeVariable(T)) -> Boolean): TypeVariable(T) defined in kotlin.sequences
e: file:///home/runner/work/hotspot-scheduler/hotspot-scheduler/app/src/main/java/com/iranjan/hotspotscheduler/automation/session/AutomationCoordinator.kt:27:96 Unresolved reference: withLock
e: file:///home/runner/work/hotspot-scheduler/hotspot-scheduler/app/src/main/java/com/iranjan/hotspotscheduler/automation/session/AutomationCoordinator.kt:29:41 Suspension functions can be called only within coroutine body
e: file:///home/runner/work/hotspot-scheduler/hotspot-scheduler/app/src/main/java/com/iranjan/hotspotscheduler/automation/session/AutomationCoordinator.kt:36:59 Unresolved reference. None of the following candidates is applicable because of receiver type mismatch: 
public fun <T> Array<out TypeVariable(T)>.first(): TypeVariable(T) defined in kotlin.collections
public inline fun <T> Array<out TypeVariable(T)>.first(predicate: (TypeVariable(T)) -> Boolean): TypeVariable(T) defined in kotlin.collections
public fun BooleanArray.first(): Boolean defined in kotlin.collections
public inline fun BooleanArray.first(predicate: (Boolean) -> Boolean): Boolean defined in kotlin.collections
public fun ByteArray.first(): Byte defined in kotlin.collections
public inline fun ByteArray.first(predicate: (Byte) -> Boolean): Byte defined in kotlin.collections
public fun CharArray.first(): Char defined in kotlin.collections
public inline fun CharArray.first(predicate: (Char) -> Boolean): Char defined in kotlin.collections
public fun CharSequence.first(): Char defined in kotlin.text
public inline fun CharSequence.first(predicate: (Char) -> Boolean): Char defined in kotlin.text
public fun DoubleArray.first(): Double defined in kotlin.collections
public inline fun DoubleArray.first(predicate: (Double) -> Boolean): Double defined in kotlin.collections
public fun FloatArray.first(): Float defined in kotlin.collections
public inline fun FloatArray.first(predicate: (Float) -> Boolean): Float defined in kotlin.collections
public fun IntArray.first(): Int defined in kotlin.collections
public inline fun IntArray.first(predicate: (Int) -> Boolean): Int defined in kotlin.collections
public fun LongArray.first(): Long defined in kotlin.collections
public inline fun LongArray.first(predicate: (Long) -> Boolean): Long defined in kotlin.collections
public fun ShortArray.first(): Short defined in kotlin.collections
public inline fun ShortArray.first(predicate: (Short) -> Boolean): Short defined in kotlin.collections
public inline fun UByteArray.first(): UByte defined in kotlin.collections
public inline fun UByteArray.first(predicate: (UByte) -> Boolean): UByte defined in kotlin.collections
public inline fun UIntArray.first(): UInt defined in kotlin.collections
public inline fun UIntArray.first(predicate: (UInt) -> Boolean): UInt defined in kotlin.collections
public inline fun ULongArray.first(): ULong defined in kotlin.collections
public inline fun ULongArray.first(predicate: (ULong) -> Boolean): ULong defined in kotlin.collections
public inline fun UShortArray.first(): UShort defined in kotlin.collections
public inline fun UShortArray.first(predicate: (UShort) -> Boolean): UShort defined in kotlin.collections
public fun <T> Iterable<TypeVariable(T)>.first(): TypeVariable(T) defined in kotlin.collections
public inline fun <T> Iterable<TypeVariable(T)>.first(predicate: (TypeVariable(T)) -> Boolean): TypeVariable(T) defined in kotlin.collections
public fun <T> List<TypeVariable(T)>.first(): TypeVariable(T) defined in kotlin.collections
public fun CharProgression.first(): Char defined in kotlin.ranges
public fun IntProgression.first(): Int defined in kotlin.ranges
public fun LongProgression.first(): Long defined in kotlin.ranges
public fun UIntProgression.first(): UInt defined in kotlin.ranges
public fun ULongProgression.first(): ULong defined in kotlin.ranges
public fun <T> Sequence<TypeVariable(T)>.first(): TypeVariable(T) defined in kotlin.sequences
public inline fun <T> Sequence<TypeVariable(T)>.first(predicate: (TypeVariable(T)) -> Boolean): TypeVariable(T) defined in kotlin.sequences
e: file:///home/runner/work/hotspot-scheduler/hotspot-scheduler/app/src/main/java/com/iranjan/hotspotscheduler/automation/session/AutomationCoordinator.kt:37:52 Unresolved reference. None of the following candidates is applicable because of receiver type mismatch: 
public fun <T> Array<out TypeVariable(T)>.first(): TypeVariable(T) defined in kotlin.collections
public inline fun <T> Array<out TypeVariable(T)>.first(predicate: (TypeVariable(T)) -> Boolean): TypeVariable(T) defined in kotlin.collections
public fun BooleanArray.first(): Boolean defined in kotlin.collections
public inline fun BooleanArray.first(predicate: (Boolean) -> Boolean): Boolean defined in kotlin.collections
public fun ByteArray.first(): Byte defined in kotlin.collections
public inline fun ByteArray.first(predicate: (Byte) -> Boolean): Byte defined in kotlin.collections
public fun CharArray.first(): Char defined in kotlin.collections
public inline fun CharArray.first(predicate: (Char) -> Boolean): Char defined in kotlin.collections
public fun CharSequence.first(): Char defined in kotlin.text
public inline fun CharSequence.first(predicate: (Char) -> Boolean): Char defined in kotlin.text
public fun DoubleArray.first(): Double defined in kotlin.collections
public inline fun DoubleArray.first(predicate: (Double) -> Boolean): Double defined in kotlin.collections
public fun FloatArray.first(): Float defined in kotlin.collections
public inline fun FloatArray.first(predicate: (Float) -> Boolean): Float defined in kotlin.collections
public fun IntArray.first(): Int defined in kotlin.collections
public inline fun IntArray.first(predicate: (Int) -> Boolean): Int defined in kotlin.collections
public fun LongArray.first(): Long defined in kotlin.collections
public inline fun LongArray.first(predicate: (Long) -> Boolean): Long defined in kotlin.collections
public fun ShortArray.first(): Short defined in kotlin.collections
public inline fun ShortArray.first(predicate: (Short) -> Boolean): Short defined in kotlin.collections
public inline fun UByteArray.first(): UByte defined in kotlin.collections
public inline fun UByteArray.first(predicate: (UByte) -> Boolean): UByte defined in kotlin.collections
public inline fun UIntArray.first(): UInt defined in kotlin.collections
public inline fun UIntArray.first(predicate: (UInt) -> Boolean): UInt defined in kotlin.collections
public inline fun ULongArray.first(): ULong defined in kotlin.collections
public inline fun ULongArray.first(predicate: (ULong) -> Boolean): ULong defined in kotlin.collections
public inline fun UShortArray.first(): UShort defined in kotlin.collections
public inline fun UShortArray.first(predicate: (UShort) -> Boolean): UShort defined in kotlin.collections
public fun <T> Iterable<TypeVariable(T)>.first(): TypeVariable(T) defined in kotlin.collections
public inline fun <T> Iterable<TypeVariable(T)>.first(predicate: (TypeVariable(T)) -> Boolean): TypeVariable(T) defined in kotlin.collections
public fun <T> List<TypeVariable(T)>.first(): TypeVariable(T) defined in kotlin.collections
public fun CharProgression.first(): Char defined in kotlin.ranges
public fun IntProgression.first(): Int defined in kotlin.ranges
public fun LongProgression.first(): Long defined in kotlin.ranges
public fun UIntProgression.first(): UInt defined in kotlin.ranges
public fun ULongProgression.first(): ULong defined in kotlin.ranges
public fun <T> Sequence<TypeVariable(T)>.first(): TypeVariable(T) defined in kotlin.sequences
public inline fun <T> Sequence<TypeVariable(T)>.first(predicate: (TypeVariable(T)) -> Boolean): TypeVariable(T) defined in kotlin.sequences
e: file:///home/runner/work/hotspot-scheduler/hotspot-scheduler/app/src/main/java/com/iranjan/hotspotscheduler/automation/session/AutomationCoordinator.kt:38:57 Unresolved reference. None of the following candidates is applicable because of receiver type mismatch: 
public fun <T> Array<out TypeVariable(T)>.first(): TypeVariable(T) defined in kotlin.collections
public inline fun <T> Array<out TypeVariable(T)>.first(predicate: (TypeVariable(T)) -> Boolean): TypeVariable(T) defined in kotlin.collections
public fun BooleanArray.first(): Boolean defined in kotlin.collections
public inline fun BooleanArray.first(predicate: (Boolean) -> Boolean): Boolean defined in kotlin.collections
public fun ByteArray.first(): Byte defined in kotlin.collections
public inline fun ByteArray.first(predicate: (Byte) -> Boolean): Byte defined in kotlin.collections
public fun CharArray.first(): Char defined in kotlin.collections
public inline fun CharArray.first(predicate: (Char) -> Boolean): Char defined in kotlin.collections
public fun CharSequence.first(): Char defined in kotlin.text
public inline fun CharSequence.first(predicate: (Char) -> Boolean): Char defined in kotlin.text
public fun DoubleArray.first(): Double defined in kotlin.collections
public inline fun DoubleArray.first(predicate: (Double) -> Boolean): Double defined in kotlin.collections
public fun FloatArray.first(): Float defined in kotlin.collections
public inline fun FloatArray.first(predicate: (Float) -> Boolean): Float defined in kotlin.collections
public fun IntArray.first(): Int defined in kotlin.collections
public inline fun IntArray.first(predicate: (Int) -> Boolean): Int defined in kotlin.collections
public fun LongArray.first(): Long defined in kotlin.collections
public inline fun LongArray.first(predicate: (Long) -> Boolean): Long defined in kotlin.collections
public fun ShortArray.first(): Short defined in kotlin.collections
public inline fun ShortArray.first(predicate: (Short) -> Boolean): Short defined in kotlin.collections
public inline fun UByteArray.first(): UByte defined in kotlin.collections
public inline fun UByteArray.first(predicate: (UByte) -> Boolean): UByte defined in kotlin.collections
public inline fun UIntArray.first(): UInt defined in kotlin.collections
public inline fun UIntArray.first(predicate: (UInt) -> Boolean): UInt defined in kotlin.collections
public inline fun ULongArray.first(): ULong defined in kotlin.collections
public inline fun ULongArray.first(predicate: (ULong) -> Boolean): ULong defined in kotlin.collections
public inline fun UShortArray.first(): UShort defined in kotlin.collections
public inline fun UShortArray.first(predicate: (UShort) -> Boolean): UShort defined in kotlin.collections
public fun <T> Iterable<TypeVariable(T)>.first(): TypeVariable(T) defined in kotlin.collections
public inline fun <T> Iterable<TypeVariable(T)>.first(predicate: (TypeVariable(T)) -> Boolean): TypeVariable(T) defined in kotlin.collections
public fun <T> List<TypeVariable(T)>.first(): TypeVariable(T) defined in kotlin.collections
public fun CharProgression.first(): Char defined in kotlin.ranges
public fun IntProgression.first(): Int defined in kotlin.ranges
public fun LongProgression.first(): Long defined in kotlin.ranges
public fun UIntProgression.first(): UInt defined in kotlin.ranges
public fun ULongProgression.first(): ULong defined in kotlin.ranges
public fun <T> Sequence<TypeVariable(T)>.first(): TypeVariable(T) defined in kotlin.sequences
public inline fun <T> Sequence<TypeVariable(T)>.first(predicate: (TypeVariable(T)) -> Boolean): TypeVariable(T) defined in kotlin.sequences
e: file:///home/runner/work/hotspot-scheduler/hotspot-scheduler/app/src/main/java/com/iranjan/hotspotscheduler/automation/session/AutomationCoordinator.kt:39:75 Unresolved reference. None of the following candidates is applicable because of receiver type mismatch: 
public fun <T> Array<out TypeVariable(T)>.first(): TypeVariable(T) defined in kotlin.collections
public inline fun <T> Array<out TypeVariable(T)>.first(predicate: (TypeVariable(T)) -> Boolean): TypeVariable(T) defined in kotlin.collections
public fun BooleanArray.first(): Boolean defined in kotlin.collections
public inline fun BooleanArray.first(predicate: (Boolean) -> Boolean): Boolean defined in kotlin.collections
public fun ByteArray.first(): Byte defined in kotlin.collections
public inline fun ByteArray.first(predicate: (Byte) -> Boolean): Byte defined in kotlin.collections
public fun CharArray.first(): Char defined in kotlin.collections
public inline fun CharArray.first(predicate: (Char) -> Boolean): Char defined in kotlin.collections
public fun CharSequence.first(): Char defined in kotlin.text
public inline fun CharSequence.first(predicate: (Char) -> Boolean): Char defined in kotlin.text
public fun DoubleArray.first(): Double defined in kotlin.collections
public inline fun DoubleArray.first(predicate: (Double) -> Boolean): Double defined in kotlin.collections
public fun FloatArray.first(): Float defined in kotlin.collections
public inline fun FloatArray.first(predicate: (Float) -> Boolean): Float defined in kotlin.collections
public fun IntArray.first(): Int defined in kotlin.collections
public inline fun IntArray.first(predicate: (Int) -> Boolean): Int defined in kotlin.collections
public fun LongArray.first(): Long defined in kotlin.collections
public inline fun LongArray.first(predicate: (Long) -> Boolean): Long defined in kotlin.collections
public fun ShortArray.first(): Short defined in kotlin.collections
public inline fun ShortArray.first(predicate: (Short) -> Boolean): Short defined in kotlin.collections
public inline fun UByteArray.first(): UByte defined in kotlin.collections
public inline fun UByteArray.first(predicate: (UByte) -> Boolean): UByte defined in kotlin.collections
public inline fun UIntArray.first(): UInt defined in kotlin.collections
public inline fun UIntArray.first(predicate: (UInt) -> Boolean): UInt defined in kotlin.collections
public inline fun ULongArray.first(): ULong defined in kotlin.collections
public inline fun ULongArray.first(predicate: (ULong) -> Boolean): ULong defined in kotlin.collections
public inline fun UShortArray.first(): UShort defined in kotlin.collections
public inline fun UShortArray.first(predicate: (UShort) -> Boolean): UShort defined in kotlin.collections
public fun <T> Iterable<TypeVariable(T)>.first(): TypeVariable(T) defined in kotlin.collections
public inline fun <T> Iterable<TypeVariable(T)>.first(predicate: (TypeVariable(T)) -> Boolean): TypeVariable(T) defined in kotlin.collections
public fun <T> List<TypeVariable(T)>.first(): TypeVariable(T) defined in kotlin.collections
public fun CharProgression.first(): Char defined in kotlin.ranges
public fun IntProgression.first(): Int defined in kotlin.ranges
public fun LongProgression.first(): Long defined in kotlin.ranges
public fun UIntProgression.first(): UInt defined in kotlin.ranges
public fun ULongProgression.first(): ULong defined in kotlin.ranges
public fun <T> Sequence<TypeVariable(T)>.first(): TypeVariable(T) defined in kotlin.sequences
public inline fun <T> Sequence<TypeVariable(T)>.first(predicate: (TypeVariable(T)) -> Boolean): TypeVariable(T) defined in kotlin.sequences
e: file:///home/runner/work/hotspot-scheduler/hotspot-scheduler/app/src/main/java/com/iranjan/hotspotscheduler/automation/session/AutomationCoordinator.kt:41:34 Suspension functions can be called only within coroutine body
e: file:///home/runner/work/hotspot-scheduler/hotspot-scheduler/app/src/main/java/com/iranjan/hotspotscheduler/automation/session/AutomationCoordinator.kt:53:22 Suspension functions can be called only within coroutine body
e: file:///home/runner/work/hotspot-scheduler/hotspot-scheduler/app/src/main/java/com/iranjan/hotspotscheduler/automation/session/AutomationCoordinator.kt:54:29 Suspension functions can be called only within coroutine body
e: file:///home/runner/work/hotspot-scheduler/hotspot-scheduler/app/src/main/java/com/iranjan/hotspotscheduler/automation/session/AutomationCoordinator.kt:61:33 Unresolved reference: withLock
e: file:///home/runner/work/hotspot-scheduler/hotspot-scheduler/app/src/main/java/com/iranjan/hotspotscheduler/automation/session/AutomationCoordinator.kt:69:22 Suspension functions can be called only within coroutine body
e: file:///home/runner/work/hotspot-scheduler/hotspot-scheduler/app/src/main/java/com/iranjan/hotspotscheduler/automation/session/AutomationCoordinator.kt:70:29 Suspension functions can be called only within coroutine body
e: file:///home/runner/work/hotspot-scheduler/hotspot-scheduler/app/src/main/java/com/iranjan/hotspotscheduler/automation/session/AutomationCoordinator.kt:73:67 Unresolved reference: withLock
e: file:///home/runner/work/hotspot-scheduler/hotspot-scheduler/app/src/main/java/com/iranjan/hotspotscheduler/automation/session/AutomationCoordinator.kt:80:22 Suspension functions can be called only within coroutine body
e: file:///home/runner/work/hotspot-scheduler/hotspot-scheduler/app/src/main/java/com/iranjan/hotspotscheduler/automation/session/AutomationCoordinator.kt:81:29 Suspension functions can be called only within coroutine body
e: file:///home/runner/work/hotspot-scheduler/hotspot-scheduler/app/src/main/java/com/iranjan/hotspotscheduler/automation/session/AutomationSession.kt:90:17 Using 'receiveOrNull(): E?' is an error. Deprecated in favor of 'receiveCatching'. Please note that the provided replacement does not rethrow channel's close cause as 'receiveOrNull' did, for the detailed replacement please refer to the 'receiveOrNull' documentation
e: file:///home/runner/work/hotspot-scheduler/hotspot-scheduler/app/src/main/java/com/iranjan/hotspotscheduler/automation/session/AutomationSession.kt:93:26 Return type of 'cancelAll' is not a subtype of the return type of the overridden member 'public abstract suspend fun cancelAll(): Unit defined in com.iranjan.hotspotscheduler.automation.session.SessionQueue'
e: file:///home/runner/work/hotspot-scheduler/hotspot-scheduler/app/src/main/java/com/iranjan/hotspotscheduler/automation/session/EmergencyStop.kt:18:15 Unresolved reference: withLock
e: file:///home/runner/work/hotspot-scheduler/hotspot-scheduler/app/src/main/java/com/iranjan/hotspotscheduler/automation/session/EmergencyStop.kt:25:15 Unresolved reference: withLock
e: file:///home/runner/work/hotspot-scheduler/hotspot-scheduler/app/src/main/java/com/iranjan/hotspotscheduler/automation/session/EmergencyStop.kt:34:15 Unresolved reference: withLock
e: file:///home/runner/work/hotspot-scheduler/hotspot-scheduler/app/src/main/java/com/iranjan/hotspotscheduler/automation/strategies/OperationStrategyResolver.kt:5:42 Unresolved reference: AttemptLog
e: file:///home/runner/work/hotspot-scheduler/hotspot-scheduler/app/src/main/java/com/iranjan/hotspotscheduler/automation/strategies/OperationStrategyResolver.kt:59:17 Unresolved reference: AttemptLog
e: file:///home/runner/work/hotspot-scheduler/hotspot-scheduler/app/src/main/java/com/iranjan/hotspotscheduler/automation/strategies/OperationStrategyResolver.kt:63:9 Unresolved reference: AttemptLog
e: file:///home/runner/work/hotspot-scheduler/hotspot-scheduler/app/src/main/java/com/iranjan/hotspotscheduler/automation/strategies/QuickSettingsNavigator.kt:7:42 Unresolved reference: AttemptLog
e: file:///home/runner/work/hotspot-scheduler/hotspot-scheduler/app/src/main/java/com/iranjan/hotspotscheduler/automation/strategies/QuickSettingsNavigator.kt:21:9 Unresolved reference: AttemptLog
e: file:///home/runner/work/hotspot-scheduler/hotspot-scheduler/app/src/main/java/com/iranjan/hotspotscheduler/automation/strategies/QuickSettingsNavigator.kt:40:71 Only safe (?.) or non-null asserted (!!.) calls are allowed on a nullable receiver of type String?
e: file:///home/runner/work/hotspot-scheduler/hotspot-scheduler/app/src/main/java/com/iranjan/hotspotscheduler/automation/strategies/QuickSettingsNavigator.kt:41:58 Only safe (?.) or non-null asserted (!!.) calls are allowed on a nullable receiver of type String?
e: file:///home/runner/work/hotspot-scheduler/hotspot-scheduler/app/src/main/java/com/iranjan/hotspotscheduler/automation/strategies/QuickSettingsNavigator.kt:52:23 Not enough information to infer type variable T
e: file:///home/runner/work/hotspot-scheduler/hotspot-scheduler/app/src/main/java/com/iranjan/hotspotscheduler/automation/strategies/QuickSettingsNavigator.kt:58:55 Only safe (?.) or non-null asserted (!!.) calls are allowed on a nullable receiver of type String?
e: file:///home/runner/work/hotspot-scheduler/hotspot-scheduler/app/src/main/java/com/iranjan/hotspotscheduler/automation/strategies/QuickSettingsNavigator.kt:65:9 Unresolved reference: AttemptLog
e: file:///home/runner/work/hotspot-scheduler/hotspot-scheduler/app/src/main/java/com/iranjan/hotspotscheduler/automation/strategies/SamsungQuickSettingsDataStrategy.kt:7:42 Unresolved reference: AttemptLog
e: file:///home/runner/work/hotspot-scheduler/hotspot-scheduler/app/src/main/java/com/iranjan/hotspotscheduler/automation/strategies/SamsungQuickSettingsDataStrategy.kt:24:57 Not enough information to infer type variable T
e: file:///home/runner/work/hotspot-scheduler/hotspot-scheduler/app/src/main/java/com/iranjan/hotspotscheduler/automation/strategies/SamsungQuickSettingsDataStrategy.kt:25:57 Unresolved reference: value
e: file:///home/runner/work/hotspot-scheduler/hotspot-scheduler/app/src/main/java/com/iranjan/hotspotscheduler/automation/strategies/SamsungQuickSettingsDataStrategy.kt:26:42 Not enough information to infer type variable T
e: file:///home/runner/work/hotspot-scheduler/hotspot-scheduler/app/src/main/java/com/iranjan/hotspotscheduler/automation/strategies/SamsungQuickSettingsDataStrategy.kt:31:9 Unresolved reference: AttemptLog
e: file:///home/runner/work/hotspot-scheduler/hotspot-scheduler/app/src/main/java/com/iranjan/hotspotscheduler/automation/strategies/SamsungQuickSettingsDataStrategy.kt:38:27 Not enough information to infer type variable T
e: file:///home/runner/work/hotspot-scheduler/hotspot-scheduler/app/src/main/java/com/iranjan/hotspotscheduler/automation/strategies/SamsungQuickSettingsDataStrategy.kt:41:31 Unresolved reference: value
e: file:///home/runner/work/hotspot-scheduler/hotspot-scheduler/app/src/main/java/com/iranjan/hotspotscheduler/automation/strategies/SamsungQuickSettingsDataStrategy.kt:69:57 Not enough information to infer type variable T
e: file:///home/runner/work/hotspot-scheduler/hotspot-scheduler/app/src/main/java/com/iranjan/hotspotscheduler/automation/strategies/SamsungQuickSettingsDataStrategy.kt:70:57 Unresolved reference: value
e: file:///home/runner/work/hotspot-scheduler/hotspot-scheduler/app/src/main/java/com/iranjan/hotspotscheduler/automation/strategies/SamsungQuickSettingsDataStrategy.kt:71:42 Not enough information to infer type variable T
e: file:///home/runner/work/hotspot-scheduler/hotspot-scheduler/app/src/main/java/com/iranjan/hotspotscheduler/automation/strategies/SamsungQuickSettingsHotspotStrategy.kt:7:42 Unresolved reference: AttemptLog
e: file:///home/runner/work/hotspot-scheduler/hotspot-scheduler/app/src/main/java/com/iranjan/hotspotscheduler/automation/strategies/SamsungQuickSettingsHotspotStrategy.kt:24:57 Not enough information to infer type variable T
e: file:///home/runner/work/hotspot-scheduler/hotspot-scheduler/app/src/main/java/com/iranjan/hotspotscheduler/automation/strategies/SamsungQuickSettingsHotspotStrategy.kt:25:57 Unresolved reference: value
e: file:///home/runner/work/hotspot-scheduler/hotspot-scheduler/app/src/main/java/com/iranjan/hotspotscheduler/automation/strategies/SamsungQuickSettingsHotspotStrategy.kt:26:42 Not enough information to infer type variable T
e: file:///home/runner/work/hotspot-scheduler/hotspot-scheduler/app/src/main/java/com/iranjan/hotspotscheduler/automation/strategies/SamsungQuickSettingsHotspotStrategy.kt:31:9 Unresolved reference: AttemptLog
e: file:///home/runner/work/hotspot-scheduler/hotspot-scheduler/app/src/main/java/com/iranjan/hotspotscheduler/automation/strategies/SamsungQuickSettingsHotspotStrategy.kt:38:27 Not enough information to infer type variable T
e: file:///home/runner/work/hotspot-scheduler/hotspot-scheduler/app/src/main/java/com/iranjan/hotspotscheduler/automation/strategies/SamsungQuickSettingsHotspotStrategy.kt:41:31 Unresolved reference: value
e: file:///home/runner/work/hotspot-scheduler/hotspot-scheduler/app/src/main/java/com/iranjan/hotspotscheduler/automation/strategies/SamsungQuickSettingsHotspotStrategy.kt:70:57 Not enough information to infer type variable T
e: file:///home/runner/work/hotspot-scheduler/hotspot-scheduler/app/src/main/java/com/iranjan/hotspotscheduler/automation/strategies/SamsungQuickSettingsHotspotStrategy.kt:71:57 Unresolved reference: value
e: file:///home/runner/work/hotspot-scheduler/hotspot-scheduler/app/src/main/java/com/iranjan/hotspotscheduler/automation/strategies/SamsungQuickSettingsHotspotStrategy.kt:72:42 Not enough information to infer type variable T
e: file:///home/runner/work/hotspot-scheduler/hotspot-scheduler/app/src/main/java/com/iranjan/hotspotscheduler/automation/strategies/SamsungSettingsDataStrategy.kt:11:42 Unresolved reference: AttemptLog
e: file:///home/runner/work/hotspot-scheduler/hotspot-scheduler/app/src/main/java/com/iranjan/hotspotscheduler/automation/strategies/SamsungSettingsDataStrategy.kt:27:58 Not enough information to infer type variable T
e: file:///home/runner/work/hotspot-scheduler/hotspot-scheduler/app/src/main/java/com/iranjan/hotspotscheduler/automation/strategies/SamsungSettingsDataStrategy.kt:28:16 Type mismatch: inferred type is Boolean? but Result<Boolean> was expected
e: file:///home/runner/work/hotspot-scheduler/hotspot-scheduler/app/src/main/java/com/iranjan/hotspotscheduler/automation/strategies/SamsungSettingsDataStrategy.kt:28:38 Unresolved reference: value
e: file:///home/runner/work/hotspot-scheduler/hotspot-scheduler/app/src/main/java/com/iranjan/hotspotscheduler/automation/strategies/SamsungSettingsDataStrategy.kt:39:56 Not enough information to infer type variable T
e: file:///home/runner/work/hotspot-scheduler/hotspot-scheduler/app/src/main/java/com/iranjan/hotspotscheduler/automation/strategies/SamsungSettingsDataStrategy.kt:43:58 Not enough information to infer type variable T
e: file:///home/runner/work/hotspot-scheduler/hotspot-scheduler/app/src/main/java/com/iranjan/hotspotscheduler/automation/strategies/SamsungSettingsDataStrategy.kt:45:33 Unresolved reference: value
e: file:///home/runner/work/hotspot-scheduler/hotspot-scheduler/app/src/main/java/com/iranjan/hotspotscheduler/automation/strategies/SamsungSettingsDataStrategy.kt:48:56 Not enough information to infer type variable T
e: file:///home/runner/work/hotspot-scheduler/hotspot-scheduler/app/src/main/java/com/iranjan/hotspotscheduler/automation/strategies/SamsungSettingsDataStrategy.kt:52:9 Unresolved reference: AttemptLog
e: file:///home/runner/work/hotspot-scheduler/hotspot-scheduler/app/src/main/java/com/iranjan/hotspotscheduler/automation/strategies/SamsungSettingsDataStrategy.kt:54:41 Not enough information to infer type variable T
e: file:///home/runner/work/hotspot-scheduler/hotspot-scheduler/app/src/main/java/com/iranjan/hotspotscheduler/automation/strategies/SamsungSettingsDataStrategy.kt:58:13 Unresolved reference: AttemptLog
e: file:///home/runner/work/hotspot-scheduler/hotspot-scheduler/app/src/main/java/com/iranjan/hotspotscheduler/automation/strategies/SamsungSettingsDataStrategy.kt:63:9 Unresolved reference: AttemptLog
e: file:///home/runner/work/hotspot-scheduler/hotspot-scheduler/app/src/main/java/com/iranjan/hotspotscheduler/automation/strategies/SamsungSettingsDataStrategy.kt:77:58 Not enough information to infer type variable T
e: file:///home/runner/work/hotspot-scheduler/hotspot-scheduler/app/src/main/java/com/iranjan/hotspotscheduler/automation/strategies/SamsungSettingsDataStrategy.kt:78:43 Unresolved reference: value
e: file:///home/runner/work/hotspot-scheduler/hotspot-scheduler/app/src/main/java/com/iranjan/hotspotscheduler/automation/strategies/SamsungSettingsDataStrategy.kt:79:42 Not enough information to infer type variable T
e: file:///home/runner/work/hotspot-scheduler/hotspot-scheduler/app/src/main/java/com/iranjan/hotspotscheduler/automation/strategies/SamsungSettingsDataStrategy.kt:90:23 Not enough information to infer type variable T
e: file:///home/runner/work/hotspot-scheduler/hotspot-scheduler/app/src/main/java/com/iranjan/hotspotscheduler/automation/strategies/SamsungSettingsHotspotStrategy.kt:10:42 Unresolved reference: AttemptLog
e: file:///home/runner/work/hotspot-scheduler/hotspot-scheduler/app/src/main/java/com/iranjan/hotspotscheduler/automation/strategies/SamsungSettingsHotspotStrategy.kt:26:58 Not enough information to infer type variable T
e: file:///home/runner/work/hotspot-scheduler/hotspot-scheduler/app/src/main/java/com/iranjan/hotspotscheduler/automation/strategies/SamsungSettingsHotspotStrategy.kt:27:16 Type mismatch: inferred type is Boolean? but Result<Boolean> was expected
e: file:///home/runner/work/hotspot-scheduler/hotspot-scheduler/app/src/main/java/com/iranjan/hotspotscheduler/automation/strategies/SamsungSettingsHotspotStrategy.kt:27:38 Unresolved reference: value
e: file:///home/runner/work/hotspot-scheduler/hotspot-scheduler/app/src/main/java/com/iranjan/hotspotscheduler/automation/strategies/SamsungSettingsHotspotStrategy.kt:38:56 Not enough information to infer type variable T
e: file:///home/runner/work/hotspot-scheduler/hotspot-scheduler/app/src/main/java/com/iranjan/hotspotscheduler/automation/strategies/SamsungSettingsHotspotStrategy.kt:42:58 Not enough information to infer type variable T
e: file:///home/runner/work/hotspot-scheduler/hotspot-scheduler/app/src/main/java/com/iranjan/hotspotscheduler/automation/strategies/SamsungSettingsHotspotStrategy.kt:44:33 Unresolved reference: value
e: file:///home/runner/work/hotspot-scheduler/hotspot-scheduler/app/src/main/java/com/iranjan/hotspotscheduler/automation/strategies/SamsungSettingsHotspotStrategy.kt:52:56 Not enough information to infer type variable T
e: file:///home/runner/work/hotspot-scheduler/hotspot-scheduler/app/src/main/java/com/iranjan/hotspotscheduler/automation/strategies/SamsungSettingsHotspotStrategy.kt:56:9 Unresolved reference: AttemptLog
e: file:///home/runner/work/hotspot-scheduler/hotspot-scheduler/app/src/main/java/com/iranjan/hotspotscheduler/automation/strategies/SamsungSettingsHotspotStrategy.kt:58:41 Not enough information to infer type variable T
e: file:///home/runner/work/hotspot-scheduler/hotspot-scheduler/app/src/main/java/com/iranjan/hotspotscheduler/automation/strategies/SamsungSettingsHotspotStrategy.kt:62:13 Unresolved reference: AttemptLog
e: file:///home/runner/work/hotspot-scheduler/hotspot-scheduler/app/src/main/java/com/iranjan/hotspotscheduler/automation/strategies/SamsungSettingsHotspotStrategy.kt:67:9 Unresolved reference: AttemptLog
e: file:///home/runner/work/hotspot-scheduler/hotspot-scheduler/app/src/main/java/com/iranjan/hotspotscheduler/automation/strategies/SamsungSettingsHotspotStrategy.kt:81:58 Not enough information to infer type variable T
e: file:///home/runner/work/hotspot-scheduler/hotspot-scheduler/app/src/main/java/com/iranjan/hotspotscheduler/automation/strategies/SamsungSettingsHotspotStrategy.kt:82:43 Unresolved reference: value
e: file:///home/runner/work/hotspot-scheduler/hotspot-scheduler/app/src/main/java/com/iranjan/hotspotscheduler/automation/strategies/SamsungSettingsHotspotStrategy.kt:83:42 Not enough information to infer type variable T
e: file:///home/runner/work/hotspot-scheduler/hotspot-scheduler/app/src/main/java/com/iranjan/hotspotscheduler/automation/strategies/SamsungSettingsHotspotStrategy.kt:94:23 Not enough information to infer type variable T
e: file:///home/runner/work/hotspot-scheduler/hotspot-scheduler/app/src/main/java/com/iranjan/hotspotscheduler/automation/strategies/SamsungSettingsHotspotStrategy.kt:151:13 Unresolved reference: AttemptLog
e: file:///home/runner/work/hotspot-scheduler/hotspot-scheduler/app/src/main/java/com/iranjan/hotspotscheduler/automation/strategies/SamsungSettingsHotspotStrategy.kt:152:13 Suspend function 'delay' should be called only from a coroutine or another suspend function
e: file:///home/runner/work/hotspot-scheduler/hotspot-scheduler/app/src/main/java/com/iranjan/hotspotscheduler/automation/strategies/SamsungSettingsHotspotStrategy.kt:169:40 Suspend function 'dumpCurrentUi' should be called only from a coroutine or another suspend function
e: file:///home/runner/work/hotspot-scheduler/hotspot-scheduler/app/src/main/java/com/iranjan/hotspotscheduler/automation/strategies/SettingsNavigator.kt:13:42 Unresolved reference: AttemptLog
e: file:///home/runner/work/hotspot-scheduler/hotspot-scheduler/app/src/main/java/com/iranjan/hotspotscheduler/automation/strategies/SettingsNavigator.kt:48:20 Type mismatch: inferred type is Unit but ComponentName? was expected
e: file:///home/runner/work/hotspot-scheduler/hotspot-scheduler/app/src/main/java/com/iranjan/hotspotscheduler/automation/strategies/SettingsNavigator.kt:49:79 Unresolved reference: packageName
e: file:///home/runner/work/hotspot-scheduler/hotspot-scheduler/app/src/main/java/com/iranjan/hotspotscheduler/automation/strategies/SettingsNavigator.kt:49:97 Unresolved reference: name
e: file:///home/runner/work/hotspot-scheduler/hotspot-scheduler/app/src/main/java/com/iranjan/hotspotscheduler/automation/strategies/SettingsNavigator.kt:65:65 Not enough information to infer type variable T
e: file:///home/runner/work/hotspot-scheduler/hotspot-scheduler/app/src/main/java/com/iranjan/hotspotscheduler/automation/strategies/SettingsNavigator.kt:70:67 Not enough information to infer type variable T
e: file:///home/runner/work/hotspot-scheduler/hotspot-scheduler/app/src/main/java/com/iranjan/hotspotscheduler/automation/strategies/SettingsNavigator.kt:81:21 Not enough information to infer type variable T
e: file:///home/runner/work/hotspot-scheduler/hotspot-scheduler/app/src/main/java/com/iranjan/hotspotscheduler/automation/strategies/SwitchFinder.kt:10:42 Unresolved reference: AttemptLog
e: file:///home/runner/work/hotspot-scheduler/hotspot-scheduler/app/src/main/java/com/iranjan/hotspotscheduler/automation/strategies/SwitchFinder.kt:24:13 Const 'val' are only allowed on top level, in named objects, or in companion objects
e: file:///home/runner/work/hotspot-scheduler/hotspot-scheduler/app/src/main/java/com/iranjan/hotspotscheduler/automation/strategies/SwitchFinder.kt:25:13 Const 'val' are only allowed on top level, in named objects, or in companion objects
e: file:///home/runner/work/hotspot-scheduler/hotspot-scheduler/app/src/main/java/com/iranjan/hotspotscheduler/automation/strategies/SwitchFinder.kt:26:13 Const 'val' are only allowed on top level, in named objects, or in companion objects
e: file:///home/runner/work/hotspot-scheduler/hotspot-scheduler/app/src/main/java/com/iranjan/hotspotscheduler/automation/strategies/SwitchFinder.kt:27:13 Const 'val' are only allowed on top level, in named objects, or in companion objects
e: file:///home/runner/work/hotspot-scheduler/hotspot-scheduler/app/src/main/java/com/iranjan/hotspotscheduler/automation/strategies/SwitchFinder.kt:28:13 Const 'val' are only allowed on top level, in named objects, or in companion objects
e: file:///home/runner/work/hotspot-scheduler/hotspot-scheduler/app/src/main/java/com/iranjan/hotspotscheduler/automation/strategies/SwitchFinder.kt:29:13 Const 'val' are only allowed on top level, in named objects, or in companion objects
e: file:///home/runner/work/hotspot-scheduler/hotspot-scheduler/app/src/main/java/com/iranjan/hotspotscheduler/automation/strategies/SwitchFinder.kt:30:13 Const 'val' are only allowed on top level, in named objects, or in companion objects
e: file:///home/runner/work/hotspot-scheduler/hotspot-scheduler/app/src/main/java/com/iranjan/hotspotscheduler/automation/strategies/SwitchFinder.kt:37:57 Not enough information to infer type variable T
e: file:///home/runner/work/hotspot-scheduler/hotspot-scheduler/app/src/main/java/com/iranjan/hotspotscheduler/automation/strategies/SwitchFinder.kt:40:51 Not enough information to infer type variable T
e: file:///home/runner/work/hotspot-scheduler/hotspot-scheduler/app/src/main/java/com/iranjan/hotspotscheduler/automation/strategies/SwitchFinder.kt:41:29 Unresolved reference: value
e: file:///home/runner/work/hotspot-scheduler/hotspot-scheduler/app/src/main/java/com/iranjan/hotspotscheduler/automation/strategies/SwitchFinder.kt:41:56 Unresolved reference: it
e: file:///home/runner/work/hotspot-scheduler/hotspot-scheduler/app/src/main/java/com/iranjan/hotspotscheduler/automation/strategies/SwitchFinder.kt:43:45 Not enough information to infer type variable T
e: file:///home/runner/work/hotspot-scheduler/hotspot-scheduler/app/src/main/java/com/iranjan/hotspotscheduler/automation/strategies/SwitchFinder.kt:46:27 Not enough information to infer type variable T
e: file:///home/runner/work/hotspot-scheduler/hotspot-scheduler/app/src/main/java/com/iranjan/hotspotscheduler/automation/strategies/SwitchFinder.kt:70:16 Not enough information to infer type variable T
e: file:///home/runner/work/hotspot-scheduler/hotspot-scheduler/app/src/main/java/com/iranjan/hotspotscheduler/automation/strategies/SwitchFinder.kt:71:5 A 'return' expression required in a function with a block body ('{...}'). If you got this error after the compiler update, then it's most likely due to a fix of a bug introduced in 1.3.0 (see KT-28061 for details)
e: file:///home/runner/work/hotspot-scheduler/hotspot-scheduler/app/src/main/java/com/iranjan/hotspotscheduler/automation/transaction/TransactionExecutorImpl.kt:15:42 Unresolved reference: AttemptLog
e: file:///home/runner/work/hotspot-scheduler/hotspot-scheduler/app/src/main/java/com/iranjan/hotspotscheduler/automation/transaction/TransactionExecutorImpl.kt:40:107 Unresolved reference: detail
e: file:///home/runner/work/hotspot-scheduler/hotspot-scheduler/app/src/main/java/com/iranjan/hotspotscheduler/automation/transaction/TransactionExecutorImpl.kt:53:117 Unresolved reference: detail
e: file:///home/runner/work/hotspot-scheduler/hotspot-scheduler/app/src/main/java/com/iranjan/hotspotscheduler/automation/transaction/TransactionExecutorImpl.kt:78:38 Unresolved reference: hotspotPassword
e: file:///home/runner/work/hotspot-scheduler/hotspot-scheduler/app/src/main/java/com/iranjan/hotspotscheduler/automation/transaction/TransactionExecutorImpl.kt:85:21 Unresolved reference: AttemptLog
e: file:///home/runner/work/hotspot-scheduler/hotspot-scheduler/app/src/main/java/com/iranjan/hotspotscheduler/automation/transaction/TransactionExecutorImpl.kt:95:127 Unresolved reference: detail
e: file:///home/runner/work/hotspot-scheduler/hotspot-scheduler/app/src/main/java/com/iranjan/hotspotscheduler/data/datastore/AutomationPreferencesImpl.kt:24:29 Unresolved reference: intPreferencesKey
e: file:///home/runner/work/hotspot-scheduler/hotspot-scheduler/app/src/main/java/com/iranjan/hotspotscheduler/data/datastore/AutomationPreferencesImpl.kt:40:26 Return type of 'setMasterEnabled' is not a subtype of the return type of the overridden member 'public abstract suspend fun setMasterEnabled(value: Boolean): Unit defined in com.iranjan.hotspotscheduler.data.datastore.AutomationPreferences'
e: file:///home/runner/work/hotspot-scheduler/hotspot-scheduler/app/src/main/java/com/iranjan/hotspotscheduler/data/datastore/AutomationPreferencesImpl.kt:41:26 Return type of 'setPausedUntilMs' is not a subtype of the return type of the overridden member 'public abstract suspend fun setPausedUntilMs(value: Long): Unit defined in com.iranjan.hotspotscheduler.data.datastore.AutomationPreferences'
e: file:///home/runner/work/hotspot-scheduler/hotspot-scheduler/app/src/main/java/com/iranjan/hotspotscheduler/data/datastore/AutomationPreferencesImpl.kt:42:26 Return type of 'setSuppressedUntilNextWindow' is not a subtype of the return type of the overridden member 'public abstract suspend fun setSuppressedUntilNextWindow(value: Boolean): Unit defined in com.iranjan.hotspotscheduler.data.datastore.AutomationPreferences'
e: file:///home/runner/work/hotspot-scheduler/hotspot-scheduler/app/src/main/java/com/iranjan/hotspotscheduler/data/datastore/AutomationPreferencesImpl.kt:43:26 Return type of 'setCapHitEpochDay' is not a subtype of the return type of the overridden member 'public abstract suspend fun setCapHitEpochDay(value: Long): Unit defined in com.iranjan.hotspotscheduler.data.datastore.AutomationPreferences'
e: file:///home/runner/work/hotspot-scheduler/hotspot-scheduler/app/src/main/java/com/iranjan/hotspotscheduler/data/datastore/AutomationPreferencesImpl.kt:44:26 Return type of 'setLastAppliedBoundary' is not a subtype of the return type of the overridden member 'public abstract suspend fun setLastAppliedBoundary(value: String): Unit defined in com.iranjan.hotspotscheduler.data.datastore.AutomationPreferences'
e: file:///home/runner/work/hotspot-scheduler/hotspot-scheduler/app/src/main/java/com/iranjan/hotspotscheduler/data/datastore/AutomationPreferencesImpl.kt:45:26 Return type of 'setLastKnownHotspotOn' is not a subtype of the return type of the overridden member 'public abstract suspend fun setLastKnownHotspotOn(value: Boolean?): Unit defined in com.iranjan.hotspotscheduler.data.datastore.AutomationPreferences'
e: file:///home/runner/work/hotspot-scheduler/hotspot-scheduler/app/src/main/java/com/iranjan/hotspotscheduler/data/datastore/AutomationPreferencesImpl.kt:47:26 Return type of 'setLastAccAlertMs' is not a subtype of the return type of the overridden member 'public abstract suspend fun setLastAccAlertMs(value: Long): Unit defined in com.iranjan.hotspotscheduler.data.datastore.AutomationPreferences'
e: file:///home/runner/work/hotspot-scheduler/hotspot-scheduler/app/src/main/java/com/iranjan/hotspotscheduler/data/datastore/AutomationPreferencesImpl.kt:49:38 Unresolved reference: ApConfig
e: file:///home/runner/work/hotspot-scheduler/hotspot-scheduler/app/src/main/java/com/iranjan/hotspotscheduler/data/datastore/AutomationPreferencesImpl.kt:49:49 Unresolved reference: ApConfig
e: file:///home/runner/work/hotspot-scheduler/hotspot-scheduler/app/src/main/java/com/iranjan/hotspotscheduler/data/datastore/AutomationPreferencesImpl.kt:52:26 Return type of 'setAlarmsDirty' is not a subtype of the return type of the overridden member 'public abstract suspend fun setAlarmsDirty(value: Boolean): Unit defined in com.iranjan.hotspotscheduler.data.datastore.AutomationPreferences'
e: file:///home/runner/work/hotspot-scheduler/hotspot-scheduler/app/src/main/java/com/iranjan/hotspotscheduler/data/datastore/AutomationPreferencesImpl.kt:62:26 Return type of 'setCalibration' is not a subtype of the return type of the overridden member 'public abstract suspend fun setCalibration(signature: CalibrationSignature): Unit defined in com.iranjan.hotspotscheduler.data.datastore.AutomationPreferences'
e: file:///home/runner/work/hotspot-scheduler/hotspot-scheduler/app/src/main/java/com/iranjan/hotspotscheduler/data/datastore/AutomationPreferencesImpl.kt:68:26 Return type of 'clearCalibration' is not a subtype of the return type of the overridden member 'public abstract suspend fun clearCalibration(): Unit defined in com.iranjan.hotspotscheduler.data.datastore.AutomationPreferences'
e: file:///home/runner/work/hotspot-scheduler/hotspot-scheduler/app/src/main/java/com/iranjan/hotspotscheduler/data/encrypted/CredentialVaultImpl.kt:66:26 Return type of 'setEnabled' is not a subtype of the return type of the overridden member 'public abstract suspend fun setEnabled(enabled: Boolean): Unit defined in com.iranjan.hotspotscheduler.data.encrypted.CredentialVault'
e: file:///home/runner/work/hotspot-scheduler/hotspot-scheduler/app/src/main/java/com/iranjan/hotspotscheduler/data/encrypted/CredentialVaultImpl.kt:68:26 Return type of 'markFailedAttempt' is not a subtype of the return type of the overridden member 'public abstract suspend fun markFailedAttempt(atMillis: Long): Unit defined in com.iranjan.hotspotscheduler.data.encrypted.CredentialVault'
e: file:///home/runner/work/hotspot-scheduler/hotspot-scheduler/app/src/main/java/com/iranjan/hotspotscheduler/data/encrypted/CredentialVaultImpl.kt:74:26 Return type of 'clear' is not a subtype of the return type of the overridden member 'public abstract suspend fun clear(): Unit defined in com.iranjan.hotspotscheduler.data.encrypted.CredentialVault'
e: file:///home/runner/work/hotspot-scheduler/hotspot-scheduler/app/src/main/java/com/iranjan/hotspotscheduler/data/encrypted/PasswordVaultImpl.kt:46:26 Return type of 'clear' is not a subtype of the return type of the overridden member 'public abstract suspend fun clear(): Unit defined in com.iranjan.hotspotscheduler.data.encrypted.PasswordVault'
e: file:///home/runner/work/hotspot-scheduler/hotspot-scheduler/app/src/main/java/com/iranjan/hotspotscheduler/di/AppModule.kt:287:105 No value passed for parameter 'routineRepository'
e: file:///home/runner/work/hotspot-scheduler/hotspot-scheduler/app/src/main/java/com/iranjan/hotspotscheduler/di/AppModule.kt:287:105 No value passed for parameter 'desiredStateResolver'
e: file:///home/runner/work/hotspot-scheduler/hotspot-scheduler/app/src/main/java/com/iranjan/hotspotscheduler/domain/model/AutomationResult.kt:33:16 Data class must have at least one primary constructor parameter
e: file:///home/runner/work/hotspot-scheduler/hotspot-scheduler/app/src/main/java/com/iranjan/hotspotscheduler/domain/model/AutomationResult.kt:34:16 Data class must have at least one primary constructor parameter
e: file:///home/runner/work/hotspot-scheduler/hotspot-scheduler/app/src/main/java/com/iranjan/hotspotscheduler/domain/model/AutomationResult.kt:35:16 Data class must have at least one primary constructor parameter
e: file:///home/runner/work/hotspot-scheduler/hotspot-scheduler/app/src/main/java/com/iranjan/hotspotscheduler/domain/scheduler/DesiredStateResolver.kt:11:29 Unresolved reference: Inject
e: file:///home/runner/work/hotspot-scheduler/hotspot-scheduler/app/src/main/java/com/iranjan/hotspotscheduler/domain/scheduler/RoutineEvaluator.kt:25:34 Type inference failed. The value of the type parameter T should be mentioned in input types (argument types, receiver type or expected type). Try to specify it explicitly.
e: file:///home/runner/work/hotspot-scheduler/hotspot-scheduler/app/src/main/java/com/iranjan/hotspotscheduler/platform/accessibility/AccessibilityRuntimeImpl.kt:8:27 Unresolved reference: MutableStateFlow
e: file:///home/runner/work/hotspot-scheduler/hotspot-scheduler/app/src/main/java/com/iranjan/hotspotscheduler/platform/accessibility/AccessibilityRuntimeImpl.kt:16:25 Unresolved reference: MutableStateFlow
e: file:///home/runner/work/hotspot-scheduler/hotspot-scheduler/app/src/main/java/com/iranjan/hotspotscheduler/platform/accessibility/AccessibilityRuntimeImpl.kt:16:58 Unresolved reference: MutableStateFlow
e: file:///home/runner/work/hotspot-scheduler/hotspot-scheduler/app/src/main/java/com/iranjan/hotspotscheduler/platform/accessibility/AccessibilityRuntimeImpl.kt:18:71 Property delegate must have a 'getValue(AccessibilityRuntimeImpl, KProperty<*>)' method. None of the following functions is suitable: 
public inline operator fun <T> Lazy<AccessibilityServiceHolder.ServiceWrapper>.getValue(thisRef: Any?, property: KProperty<*>): AccessibilityServiceHolder.ServiceWrapper defined in kotlin
e: file:///home/runner/work/hotspot-scheduler/hotspot-scheduler/app/src/main/java/com/iranjan/hotspotscheduler/platform/accessibility/AccessibilityRuntimeImpl.kt:19:9 Type mismatch: inferred type is AccessibilityServiceHolder.ServiceWrapper? but AccessibilityServiceHolder.ServiceWrapper was expected
e: file:///home/runner/work/hotspot-scheduler/hotspot-scheduler/app/src/main/java/com/iranjan/hotspotscheduler/platform/accessibility/AccessibilityRuntimeImpl.kt:23:44 Not enough information to infer type variable T
e: file:///home/runner/work/hotspot-scheduler/hotspot-scheduler/app/src/main/java/com/iranjan/hotspotscheduler/platform/accessibility/AccessibilityRuntimeImpl.kt:24:27 Unresolved reference: getWindows
e: file:///home/runner/work/hotspot-scheduler/hotspot-scheduler/app/src/main/java/com/iranjan/hotspotscheduler/platform/accessibility/AccessibilityRuntimeImpl.kt:25:56 Unresolved reference: it
e: file:///home/runner/work/hotspot-scheduler/hotspot-scheduler/app/src/main/java/com/iranjan/hotspotscheduler/platform/accessibility/AccessibilityRuntimeImpl.kt:25:83 Unresolved reference: it
e: file:///home/runner/work/hotspot-scheduler/hotspot-scheduler/app/src/main/java/com/iranjan/hotspotscheduler/platform/accessibility/AccessibilityRuntimeImpl.kt:25:90 Unresolved reference: it
e: file:///home/runner/work/hotspot-scheduler/hotspot-scheduler/app/src/main/java/com/iranjan/hotspotscheduler/platform/accessibility/AccessibilityRuntimeImpl.kt:29:44 Not enough information to infer type variable T
e: file:///home/runner/work/hotspot-scheduler/hotspot-scheduler/app/src/main/java/com/iranjan/hotspotscheduler/platform/accessibility/AccessibilityRuntimeImpl.kt:32:13 Unresolved reference: getWindows
e: file:///home/runner/work/hotspot-scheduler/hotspot-scheduler/app/src/main/java/com/iranjan/hotspotscheduler/platform/accessibility/AccessibilityRuntimeImpl.kt:32:26 Overload resolution ambiguity: 
public inline fun <T> Iterable<TypeVariable(T)>.forEach(action: (TypeVariable(T)) -> Unit): Unit defined in kotlin.collections
public inline fun <K, V> Map<out TypeVariable(K), TypeVariable(V)>.forEach(action: (Map.Entry<TypeVariable(K), TypeVariable(V)>) -> Unit): Unit defined in kotlin.collections
e: file:///home/runner/work/hotspot-scheduler/hotspot-scheduler/app/src/main/java/com/iranjan/hotspotscheduler/platform/accessibility/AccessibilityRuntimeImpl.kt:32:46 Unresolved reference: it
e: file:///home/runner/work/hotspot-scheduler/hotspot-scheduler/app/src/main/java/com/iranjan/hotspotscheduler/platform/accessibility/AccessibilityRuntimeImpl.kt:67:25 Not enough information to infer type variable T
e: file:///home/runner/work/hotspot-scheduler/hotspot-scheduler/app/src/main/java/com/iranjan/hotspotscheduler/platform/accessibility/AccessibilityRuntimeImpl.kt:69:20 Not enough information to infer type variable T
e: file:///home/runner/work/hotspot-scheduler/hotspot-scheduler/app/src/main/java/com/iranjan/hotspotscheduler/platform/accessibility/AccessibilityRuntimeImpl.kt:74:44 Not enough information to infer type variable T
e: file:///home/runner/work/hotspot-scheduler/hotspot-scheduler/app/src/main/java/com/iranjan/hotspotscheduler/platform/accessibility/AccessibilityRuntimeImpl.kt:83:20 Not enough information to infer type variable T
e: file:///home/runner/work/hotspot-scheduler/hotspot-scheduler/app/src/main/java/com/iranjan/hotspotscheduler/platform/accessibility/AccessibilityRuntimeImpl.kt:88:44 Not enough information to infer type variable T
e: file:///home/runner/work/hotspot-scheduler/hotspot-scheduler/app/src/main/java/com/iranjan/hotspotscheduler/platform/accessibility/AccessibilityRuntimeImpl.kt:91:25 Not enough information to infer type variable T
e: file:///home/runner/work/hotspot-scheduler/hotspot-scheduler/app/src/main/java/com/iranjan/hotspotscheduler/platform/accessibility/AccessibilityRuntimeImpl.kt:93:20 Not enough information to infer type variable T
e: file:///home/runner/work/hotspot-scheduler/hotspot-scheduler/app/src/main/java/com/iranjan/hotspotscheduler/platform/accessibility/AccessibilityRuntimeImpl.kt:107:44 Not enough information to infer type variable T
e: file:///home/runner/work/hotspot-scheduler/hotspot-scheduler/app/src/main/java/com/iranjan/hotspotscheduler/platform/accessibility/AccessibilityRuntimeImpl.kt:108:27 Unresolved reference: getWindows
e: file:///home/runner/work/hotspot-scheduler/hotspot-scheduler/app/src/main/java/com/iranjan/hotspotscheduler/platform/accessibility/AccessibilityRuntimeImpl.kt:108:57 Unresolved reference: it
e: file:///home/runner/work/hotspot-scheduler/hotspot-scheduler/app/src/main/java/com/iranjan/hotspotscheduler/platform/accessibility/AccessibilityRuntimeImpl.kt:108:84 Unresolved reference: it
e: file:///home/runner/work/hotspot-scheduler/hotspot-scheduler/app/src/main/java/com/iranjan/hotspotscheduler/platform/accessibility/AccessibilityRuntimeImpl.kt:108:91 Unresolved reference: it
e: file:///home/runner/work/hotspot-scheduler/hotspot-scheduler/app/src/main/java/com/iranjan/hotspotscheduler/platform/alarm/AlarmReceiver.kt:19:43 Suspend function 'executeBoundary' should be called only from a coroutine or another suspend function
e: file:///home/runner/work/hotspot-scheduler/hotspot-scheduler/app/src/main/java/com/iranjan/hotspotscheduler/platform/alarm/AlarmReceiver.kt:23:39 Suspend function 'rescheduleAll' should be called only from a coroutine or another suspend function
e: file:///home/runner/work/hotspot-scheduler/hotspot-scheduler/app/src/main/java/com/iranjan/hotspotscheduler/platform/alarm/SystemEventsReceiver.kt:15:20 Unresolved reference: ACTION_TIME_SET
e: file:///home/runner/work/hotspot-scheduler/hotspot-scheduler/app/src/main/java/com/iranjan/hotspotscheduler/platform/alarm/SystemEventsReceiver.kt:18:39 Suspend function 'rescheduleAll' should be called only from a coroutine or another suspend function
e: file:///home/runner/work/hotspot-scheduler/hotspot-scheduler/app/src/main/java/com/iranjan/hotspotscheduler/platform/keyguard/KeyguardEngineImpl.kt:12:42 Unresolved reference: AttemptLog
e: file:///home/runner/work/hotspot-scheduler/hotspot-scheduler/app/src/main/java/com/iranjan/hotspotscheduler/platform/keyguard/KeyguardEngineImpl.kt:28:51 Not enough information to infer type variable T
e: file:///home/runner/work/hotspot-scheduler/hotspot-scheduler/app/src/main/java/com/iranjan/hotspotscheduler/platform/keyguard/KeyguardEngineImpl.kt:31:51 Unresolved reference: packageName
e: file:///home/runner/work/hotspot-scheduler/hotspot-scheduler/app/src/main/java/com/iranjan/hotspotscheduler/platform/keyguard/KeyguardEngineImpl.kt:36:13 Unresolved reference: !
e: file:///home/runner/work/hotspot-scheduler/hotspot-scheduler/app/src/main/java/com/iranjan/hotspotscheduler/platform/keyguard/KeyguardEngineImpl.kt:37:27 Not enough information to infer type variable T
e: file:///home/runner/work/hotspot-scheduler/hotspot-scheduler/app/src/main/java/com/iranjan/hotspotscheduler/platform/keyguard/KeyguardEngineImpl.kt:41:13 Unresolved reference: AttemptLog
e: file:///home/runner/work/hotspot-scheduler/hotspot-scheduler/app/src/main/java/com/iranjan/hotspotscheduler/platform/keyguard/KeyguardEngineImpl.kt:43:13 Unresolved reference: AttemptLog
e: file:///home/runner/work/hotspot-scheduler/hotspot-scheduler/app/src/main/java/com/iranjan/hotspotscheduler/platform/keyguard/KeyguardEngineImpl.kt:45:17 Unresolved reference: AttemptLog
e: file:///home/runner/work/hotspot-scheduler/hotspot-scheduler/app/src/main/java/com/iranjan/hotspotscheduler/platform/keyguard/KeyguardEngineImpl.kt:52:13 Unresolved reference: AttemptLog
e: file:///home/runner/work/hotspot-scheduler/hotspot-scheduler/app/src/main/java/com/iranjan/hotspotscheduler/platform/keyguard/KeyguardEngineImpl.kt:53:27 Not enough information to infer type variable T
e: file:///home/runner/work/hotspot-scheduler/hotspot-scheduler/app/src/main/java/com/iranjan/hotspotscheduler/platform/keyguard/KeyguardEngineImpl.kt:65:13 Unresolved reference: AttemptLog
e: file:///home/runner/work/hotspot-scheduler/hotspot-scheduler/app/src/main/java/com/iranjan/hotspotscheduler/platform/keyguard/KeyguardEngineImpl.kt:69:9 Unresolved reference: AttemptLog
e: file:///home/runner/work/hotspot-scheduler/hotspot-scheduler/app/src/main/java/com/iranjan/hotspotscheduler/platform/keyguard/KeyguardEngineImpl.kt:74:35 Unresolved reference: centreOf
e: file:///home/runner/work/hotspot-scheduler/hotspot-scheduler/app/src/main/java/com/iranjan/hotspotscheduler/platform/keyguard/KeyguardEngineImpl.kt:81:13 Unresolved reference: AttemptLog
e: file:///home/runner/work/hotspot-scheduler/hotspot-scheduler/app/src/main/java/com/iranjan/hotspotscheduler/platform/keyguard/KeyguardEngineImpl.kt:90:13 Unresolved reference: AttemptLog
e: file:///home/runner/work/hotspot-scheduler/hotspot-scheduler/app/src/main/java/com/iranjan/hotspotscheduler/platform/keyguard/KeyguardEngineImpl.kt:93:13 Unresolved reference: AttemptLog
e: file:///home/runner/work/hotspot-scheduler/hotspot-scheduler/app/src/main/java/com/iranjan/hotspotscheduler/platform/keyguard/KeyguardEngineImpl.kt:107:40 Suspend function 'findNodes' should be called only from a coroutine or another suspend function
e: file:///home/runner/work/hotspot-scheduler/hotspot-scheduler/app/src/main/java/com/iranjan/hotspotscheduler/platform/keyguard/KeyguardEngineImpl.kt:122:27 Suspend function 'gesture' should be called only from a coroutine or another suspend function
e: file:///home/runner/work/hotspot-scheduler/hotspot-scheduler/app/src/main/java/com/iranjan/hotspotscheduler/platform/keyguard/KeyguardEngineImpl.kt:131:27 Suspend function 'gesture' should be called only from a coroutine or another suspend function
e: file:///home/runner/work/hotspot-scheduler/hotspot-scheduler/app/src/main/java/com/iranjan/hotspotscheduler/platform/keyguard/KeyguardEngineImpl.kt:140:27 Suspend function 'gesture' should be called only from a coroutine or another suspend function
e: file:///home/runner/work/hotspot-scheduler/hotspot-scheduler/app/src/main/java/com/iranjan/hotspotscheduler/platform/keyguard/PinPadResolver.kt:44:27 Not enough information to infer type variable T
e: file:///home/runner/work/hotspot-scheduler/hotspot-scheduler/app/src/main/java/com/iranjan/hotspotscheduler/platform/keyguard/PinPadResolver.kt:58:37 Type mismatch: inferred type is String? but String was expected
e: file:///home/runner/work/hotspot-scheduler/hotspot-scheduler/app/src/main/java/com/iranjan/hotspotscheduler/platform/keyguard/PinPadResolver.kt:64:24 Not enough information to infer type variable T
e: file:///home/runner/work/hotspot-scheduler/hotspot-scheduler/app/src/main/java/com/iranjan/hotspotscheduler/platform/keyguard/PinPadResolver.kt:72:40 Suspend function 'findNodes' should be called only from a coroutine or another suspend function
e: file:///home/runner/work/hotspot-scheduler/hotspot-scheduler/app/src/main/java/com/iranjan/hotspotscheduler/platform/permissions/CapabilityProbe.kt:16:42 Unresolved reference: AttemptLog
e: file:///home/runner/work/hotspot-scheduler/hotspot-scheduler/app/src/main/java/com/iranjan/hotspotscheduler/platform/permissions/CapabilityProbe.kt:72:9 Unresolved reference: AttemptLog
e: file:///home/runner/work/hotspot-scheduler/hotspot-scheduler/app/src/main/java/com/iranjan/hotspotscheduler/platform/permissions/CapabilityProbe.kt:94:9 Unresolved reference: AttemptLog
e: file:///home/runner/work/hotspot-scheduler/hotspot-scheduler/app/src/main/java/com/iranjan/hotspotscheduler/platform/permissions/CapabilityProbe.kt:96:13 Unresolved reference: AttemptLog
e: file:///home/runner/work/hotspot-scheduler/hotspot-scheduler/app/src/main/java/com/iranjan/hotspotscheduler/platform/permissions/CapabilityProbe.kt:106:62 Unresolved reference: error
e: file:///home/runner/work/hotspot-scheduler/hotspot-scheduler/app/src/main/java/com/iranjan/hotspotscheduler/platform/permissions/CapabilityProbe.kt:127:69 Unresolved reference: error
e: file:///home/runner/work/hotspot-scheduler/hotspot-scheduler/app/src/main/java/com/iranjan/hotspotscheduler/platform/permissions/CapabilityProbe.kt:139:61 Unresolved reference: error
e: file:///home/runner/work/hotspot-scheduler/hotspot-scheduler/app/src/main/java/com/iranjan/hotspotscheduler/platform/permissions/CapabilityProbe.kt:149:66 Unresolved reference: error
e: file:///home/runner/work/hotspot-scheduler/hotspot-scheduler/app/src/main/java/com/iranjan/hotspotscheduler/platform/permissions/CapabilityProbe.kt:159:70 Unresolved reference: error
e: file:///home/runner/work/hotspot-scheduler/hotspot-scheduler/app/src/main/java/com/iranjan/hotspotscheduler/platform/permissions/CapabilityProbe.kt:243:45 Unresolved reference: STANDBY_BUCKET_NEVER
e: file:///home/runner/work/hotspot-scheduler/hotspot-scheduler/app/src/main/java/com/iranjan/hotspotscheduler/platform/screen/ScreenSessionImpl.kt:14:42 Unresolved reference: AttemptLog
e: file:///home/runner/work/hotspot-scheduler/hotspot-scheduler/app/src/main/java/com/iranjan/hotspotscheduler/platform/screen/ScreenSessionImpl.kt:40:13 Unresolved reference: AttemptLog
e: file:///home/runner/work/hotspot-scheduler/hotspot-scheduler/app/src/main/java/com/iranjan/hotspotscheduler/platform/screen/ScreenSessionImpl.kt:45:17 Unresolved reference: AttemptLog
e: file:///home/runner/work/hotspot-scheduler/hotspot-scheduler/app/src/main/java/com/iranjan/hotspotscheduler/platform/screen/ScreenSessionImpl.kt:53:25 Unresolved reference: AttemptLog
e: file:///home/runner/work/hotspot-scheduler/hotspot-scheduler/app/src/main/java/com/iranjan/hotspotscheduler/platform/screen/ScreenSessionImpl.kt:63:13 Unresolved reference: AttemptLog
e: file:///home/runner/work/hotspot-scheduler/hotspot-scheduler/app/src/main/java/com/iranjan/hotspotscheduler/platform/screen/ScreenSessionImpl.kt:76:71 Unresolved reference: value
e: file:///home/runner/work/hotspot-scheduler/hotspot-scheduler/app/src/main/java/com/iranjan/hotspotscheduler/platform/screen/ScreenSessionImpl.kt:79:17 Unresolved reference: CredentialResult
e: file:///home/runner/work/hotspot-scheduler/hotspot-scheduler/app/src/main/java/com/iranjan/hotspotscheduler/platform/screen/ScreenSessionImpl.kt:79:17 Comparison of incompatible enums 'CredentialResult' and '[Error type: Error property type]' is always unsuccessful
e: file:///home/runner/work/hotspot-scheduler/hotspot-scheduler/app/src/main/java/com/iranjan/hotspotscheduler/platform/screen/ScreenSessionImpl.kt:80:17 Unresolved reference: CredentialResult
e: file:///home/runner/work/hotspot-scheduler/hotspot-scheduler/app/src/main/java/com/iranjan/hotspotscheduler/platform/screen/ScreenSessionImpl.kt:80:17 Comparison of incompatible enums 'CredentialResult' and '[Error type: Error property type]' is always unsuccessful
e: file:///home/runner/work/hotspot-scheduler/hotspot-scheduler/app/src/main/java/com/iranjan/hotspotscheduler/platform/screen/ScreenSessionImpl.kt:93:13 Unresolved reference: AttemptLog
e: file:///home/runner/work/hotspot-scheduler/hotspot-scheduler/app/src/main/java/com/iranjan/hotspotscheduler/platform/screen/ScreenSessionImpl.kt:96:38 Not enough information to infer type variable T
e: file:///home/runner/work/hotspot-scheduler/hotspot-scheduler/app/src/main/java/com/iranjan/hotspotscheduler/platform/screen/ScreenSessionImpl.kt:106:13 Unresolved reference: AttemptLog
e: file:///home/runner/work/hotspot-scheduler/hotspot-scheduler/app/src/main/java/com/iranjan/hotspotscheduler/platform/screen/ScreenSessionImpl.kt:107:27 Not enough information to infer type variable T
e: file:///home/runner/work/hotspot-scheduler/hotspot-scheduler/app/src/main/java/com/iranjan/hotspotscheduler/platform/screen/ScreenSessionImpl.kt:112:13 Unresolved reference: AttemptLog
e: file:///home/runner/work/hotspot-scheduler/hotspot-scheduler/app/src/main/java/com/iranjan/hotspotscheduler/platform/screen/ScreenSessionImpl.kt:116:13 Unresolved reference: AttemptLog
e: file:///home/runner/work/hotspot-scheduler/hotspot-scheduler/app/src/main/java/com/iranjan/hotspotscheduler/platform/screen/ScreenSessionImpl.kt:117:27 Not enough information to infer type variable T
e: file:///home/runner/work/hotspot-scheduler/hotspot-scheduler/app/src/main/java/com/iranjan/hotspotscheduler/platform/screen/WakeEngine.kt:10:42 Unresolved reference: AttemptLog
e: file:///home/runner/work/hotspot-scheduler/hotspot-scheduler/app/src/main/java/com/iranjan/hotspotscheduler/platform/screen/WakeEngine.kt:23:9 Unresolved reference: AttemptLog
e: file:///home/runner/work/hotspot-scheduler/hotspot-scheduler/app/src/main/java/com/iranjan/hotspotscheduler/platform/screen/WakeEngine.kt:28:13 Unresolved reference: AttemptLog
e: file:///home/runner/work/hotspot-scheduler/hotspot-scheduler/app/src/main/java/com/iranjan/hotspotscheduler/platform/screen/WakeEngine.kt:33:13 Unresolved reference: AttemptLog
e: file:///home/runner/work/hotspot-scheduler/hotspot-scheduler/app/src/main/java/com/iranjan/hotspotscheduler/platform/screen/WakeEngine.kt:37:9 Unresolved reference: AttemptLog
e: file:///home/runner/work/hotspot-scheduler/hotspot-scheduler/app/src/main/java/com/iranjan/hotspotscheduler/platform/screen/WakeEngine.kt:67:21 Unresolved reference: AttemptLog
e: file:///home/runner/work/hotspot-scheduler/hotspot-scheduler/app/src/main/java/com/iranjan/hotspotscheduler/platform/screen/WakeEngine.kt:72:13 Unresolved reference: AttemptLog
e: file:///home/runner/work/hotspot-scheduler/hotspot-scheduler/app/src/main/java/com/iranjan/hotspotscheduler/platform/screen/WakeEngine.kt:74:9 Unresolved reference: AttemptLog
e: file:///home/runner/work/hotspot-scheduler/hotspot-scheduler/app/src/main/java/com/iranjan/hotspotscheduler/platform/screen/WakeEngine.kt:75:23 Not enough information to infer type variable T
e: file:///home/runner/work/hotspot-scheduler/hotspot-scheduler/app/src/main/java/com/iranjan/hotspotscheduler/ui/dashboard/MainActivity.kt:38:42 Unresolved reference: AttemptLog
e: file:///home/runner/work/hotspot-scheduler/hotspot-scheduler/app/src/main/java/com/iranjan/hotspotscheduler/ui/dashboard/MainActivity.kt:100:38 Unresolved reference: AttemptLog
e: file:///home/runner/work/hotspot-scheduler/hotspot-scheduler/app/src/main/java/com/iranjan/hotspotscheduler/ui/dashboard/MainActivity.kt:110:17 Unresolved reference: AttemptLog
e: file:///home/runner/work/hotspot-scheduler/hotspot-scheduler/app/src/main/java/com/iranjan/hotspotscheduler/ui/dashboard/MainActivity.kt:114:20 Unresolved reference: AttemptLog
e: file:///home/runner/work/hotspot-scheduler/hotspot-scheduler/app/src/main/java/com/iranjan/hotspotscheduler/ui/dashboard/MainActivity.kt:174:28 Unresolved reference: AttemptLog

FAILURE: Build failed with an exception.

* What went wrong:
Execution failed for task ':app:compileDebugKotlin'.
> A failure occurred while executing org.jetbrains.kotlin.compilerRunner.GradleCompilerRunnerWithWorkers$GradleKotlinCompilerWorkAction
   > Compilation error. See log for more details

* Try:
> Run with --info or --debug option to get more log output.
> Run with --scan to get full insights.

* Exception is:
org.gradle.api.tasks.TaskExecutionException: Execution failed for task ':app:compileDebugKotlin'.
	at org.gradle.api.internal.tasks.execution.ExecuteActionsTaskExecuter.lambda$executeIfValid$1(ExecuteActionsTaskExecuter.java:149)
	at org.gradle.internal.Try$Failure.ifSuccessfulOrElse(Try.java:282)
	at org.gradle.api.internal.tasks.execution.ExecuteActionsTaskExecuter.executeIfValid(ExecuteActionsTaskExecuter.java:147)
	at org.gradle.api.internal.tasks.execution.ExecuteActionsTaskExecuter.execute(ExecuteActionsTaskExecuter.java:135)
	at org.gradle.api.internal.tasks.execution.FinalizePropertiesTaskExecuter.execute(FinalizePropertiesTaskExecuter.java:46)
	at org.gradle.api.internal.tasks.execution.ResolveTaskExecutionModeExecuter.execute(ResolveTaskExecutionModeExecuter.java:51)
	at org.gradle.api.internal.tasks.execution.SkipTaskWithNoActionsExecuter.execute(SkipTaskWithNoActionsExecuter.java:57)
	at org.gradle.api.internal.tasks.execution.SkipOnlyIfTaskExecuter.execute(SkipOnlyIfTaskExecuter.java:74)
	at org.gradle.api.internal.tasks.execution.CatchExceptionTaskExecuter.execute(CatchExceptionTaskExecuter.java:36)
	at org.gradle.api.internal.tasks.execution.EventFiringTaskExecuter$1.executeTask(EventFiringTaskExecuter.java:77)
	at org.gradle.api.internal.tasks.execution.EventFiringTaskExecuter$1.call(EventFiringTaskExecuter.java:55)
	at org.gradle.api.internal.tasks.execution.EventFiringTaskExecuter$1.call(EventFiringTaskExecuter.java:52)
	at org.gradle.internal.operations.DefaultBuildOperationRunner$CallableBuildOperationWorker.execute(DefaultBuildOperationRunner.java:204)
	at org.gradle.internal.operations.DefaultBuildOperationRunner$CallableBuildOperationWorker.execute(DefaultBuildOperationRunner.java:199)
	at org.gradle.internal.operations.DefaultBuildOperationRunner$2.execute(DefaultBuildOperationRunner.java:66)
	at org.gradle.internal.operations.DefaultBuildOperationRunner$2.execute(DefaultBuildOperationRunner.java:59)
	at org.gradle.internal.operations.DefaultBuildOperationRunner.execute(DefaultBuildOperationRunner.java:157)
	at org.gradle.internal.operations.DefaultBuildOperationRunner.execute(DefaultBuildOperationRunner.java:59)
	at org.gradle.internal.operations.DefaultBuildOperationRunner.call(DefaultBuildOperationRunner.java:53)
	at org.gradle.internal.operations.DefaultBuildOperationExecutor.call(DefaultBuildOperationExecutor.java:73)
	at org.gradle.api.internal.tasks.execution.EventFiringTaskExecuter.execute(EventFiringTaskExecuter.java:52)
	at org.gradle.execution.plan.LocalTaskNodeExecutor.execute(LocalTaskNodeExecutor.java:42)
	at org.gradle.execution.taskgraph.DefaultTaskExecutionGraph$InvokeNodeExecutorsAction.execute(DefaultTaskExecutionGraph.java:337)
	at org.gradle.execution.taskgraph.DefaultTaskExecutionGraph$InvokeNodeExecutorsAction.execute(DefaultTaskExecutionGraph.java:324)
	at org.gradle.execution.taskgraph.DefaultTaskExecutionGraph$BuildOperationAwareExecutionAction.execute(DefaultTaskExecutionGraph.java:317)
	at org.gradle.execution.taskgraph.DefaultTaskExecutionGraph$BuildOperationAwareExecutionAction.execute(DefaultTaskExecutionGraph.java:303)
	at org.gradle.execution.plan.DefaultPlanExecutor$ExecutorWorker.execute(DefaultPlanExecutor.java:463)
	at org.gradle.execution.plan.DefaultPlanExecutor$ExecutorWorker.run(DefaultPlanExecutor.java:380)
	at org.gradle.internal.concurrent.ExecutorPolicy$CatchAndRecordFailures.onExecute(ExecutorPolicy.java:64)
	at org.gradle.internal.concurrent.ManagedExecutorImpl$1.run(ManagedExecutorImpl.java:49)
Caused by: org.gradle.workers.internal.DefaultWorkerExecutor$WorkExecutionException: A failure occurred while executing org.jetbrains.kotlin.compilerRunner.GradleCompilerRunnerWithWorkers$GradleKotlinCompilerWorkAction
	at org.gradle.workers.internal.DefaultWorkerExecutor$WorkItemExecution.waitForCompletion(DefaultWorkerExecutor.java:283)
	at org.gradle.internal.work.DefaultAsyncWorkTracker.lambda$waitForItemsAndGatherFailures$2(DefaultAsyncWorkTracker.java:130)
	at org.gradle.internal.Factories$1.create(Factories.java:31)
	at org.gradle.internal.work.DefaultWorkerLeaseService.withoutLocks(DefaultWorkerLeaseService.java:321)
	at org.gradle.internal.work.DefaultWorkerLeaseService.withoutLocks(DefaultWorkerLeaseService.java:304)
	at org.gradle.internal.work.DefaultWorkerLeaseService.withoutLock(DefaultWorkerLeaseService.java:309)
	at org.gradle.internal.work.DefaultAsyncWorkTracker.waitForItemsAndGatherFailures(DefaultAsyncWorkTracker.java:126)
	at org.gradle.internal.work.DefaultAsyncWorkTracker.waitForItemsAndGatherFailures(DefaultAsyncWorkTracker.java:92)
	at org.gradle.internal.work.DefaultAsyncWorkTracker.waitForAll(DefaultAsyncWorkTracker.java:78)
	at org.gradle.internal.work.DefaultAsyncWorkTracker.waitForCompletion(DefaultAsyncWorkTracker.java:66)
	at org.gradle.api.internal.tasks.execution.TaskExecution$3.run(TaskExecution.java:250)
	at org.gradle.internal.operations.DefaultBuildOperationRunner$1.execute(DefaultBuildOperationRunner.java:29)
	at org.gradle.internal.operations.DefaultBuildOperationRunner$1.execute(DefaultBuildOperationRunner.java:26)
	at org.gradle.internal.operations.DefaultBuildOperationRunner$2.execute(DefaultBuildOperationRunner.java:66)
	at org.gradle.internal.operations.DefaultBuildOperationRunner$2.execute(DefaultBuildOperationRunner.java:59)
	at org.gradle.internal.operations.DefaultBuildOperationRunner.execute(DefaultBuildOperationRunner.java:157)
	at org.gradle.internal.operations.DefaultBuildOperationRunner.execute(DefaultBuildOperationRunner.java:59)
	at org.gradle.internal.operations.DefaultBuildOperationRunner.run(DefaultBuildOperationRunner.java:47)
	at org.gradle.internal.operations.DefaultBuildOperationExecutor.run(DefaultBuildOperationExecutor.java:68)
	at org.gradle.api.internal.tasks.execution.TaskExecution.executeAction(TaskExecution.java:227)
	at org.gradle.api.internal.tasks.execution.TaskExecution.executeActions(TaskExecution.java:210)
	at org.gradle.api.internal.tasks.execution.TaskExecution.executeWithPreviousOutputFiles(TaskExecution.java:193)
	at org.gradle.api.internal.tasks.execution.TaskExecution.execute(TaskExecution.java:166)
	at org.gradle.internal.execution.steps.ExecuteStep.executeInternal(ExecuteStep.java:105)
	at org.gradle.internal.execution.steps.ExecuteStep.access$000(ExecuteStep.java:44)
	at org.gradle.internal.execution.steps.ExecuteStep$1.call(ExecuteStep.java:59)
	at org.gradle.internal.execution.steps.ExecuteStep$1.call(ExecuteStep.java:56)
	at org.gradle.internal.operations.DefaultBuildOperationRunner$CallableBuildOperationWorker.execute(DefaultBuildOperationRunner.java:204)
	at org.gradle.internal.operations.DefaultBuildOperationRunner$CallableBuildOperationWorker.execute(DefaultBuildOperationRunner.java:199)
	at org.gradle.internal.operations.DefaultBuildOperationRunner$2.execute(DefaultBuildOperationRunner.java:66)
	at org.gradle.internal.operations.DefaultBuildOperationRunner$2.execute(DefaultBuildOperationRunner.java:59)
	at org.gradle.internal.operations.DefaultBuildOperationRunner.execute(DefaultBuildOperationRunner.java:157)
	at org.gradle.internal.operations.DefaultBuildOperationRunner.execute(DefaultBuildOperationRunner.java:59)
	at org.gradle.internal.operations.DefaultBuildOperationRunner.call(DefaultBuildOperationRunner.java:53)
	at org.gradle.internal.operations.DefaultBuildOperationExecutor.call(DefaultBuildOperationExecutor.java:73)
	at org.gradle.internal.execution.steps.ExecuteStep.execute(ExecuteStep.java:56)
	at org.gradle.internal.execution.steps.ExecuteStep.execute(ExecuteStep.java:44)
	at org.gradle.internal.execution.steps.RemovePreviousOutputsStep.execute(RemovePreviousOutputsStep.java:67)
	at org.gradle.internal.execution.steps.RemovePreviousOutputsStep.execute(RemovePreviousOutputsStep.java:37)
	at org.gradle.internal.execution.steps.CancelExecutionStep.execute(CancelExecutionStep.java:41)
	at org.gradle.internal.execution.steps.TimeoutStep.executeWithoutTimeout(TimeoutStep.java:74)
	at org.gradle.internal.execution.steps.TimeoutStep.execute(TimeoutStep.java:55)
	at org.gradle.internal.execution.steps.CreateOutputsStep.execute(CreateOutputsStep.java:50)
	at org.gradle.internal.execution.steps.CreateOutputsStep.execute(CreateOutputsStep.java:28)
	at org.gradle.internal.execution.steps.CaptureStateAfterExecutionStep.executeDelegateBroadcastingChanges(CaptureStateAfterExecutionStep.java:100)
	at org.gradle.internal.execution.steps.CaptureStateAfterExecutionStep.execute(CaptureStateAfterExecutionStep.java:72)
	at org.gradle.internal.execution.steps.CaptureStateAfterExecutionStep.execute(CaptureStateAfterExecutionStep.java:50)
	at org.gradle.internal.execution.steps.ResolveInputChangesStep.execute(ResolveInputChangesStep.java:40)
	at org.gradle.internal.execution.steps.ResolveInputChangesStep.execute(ResolveInputChangesStep.java:29)
	at org.gradle.internal.execution.steps.BuildCacheStep.executeWithoutCache(BuildCacheStep.java:166)
	at org.gradle.internal.execution.steps.BuildCacheStep.lambda$execute$1(BuildCacheStep.java:70)
	at org.gradle.internal.Either$Right.fold(Either.java:175)
	at org.gradle.internal.execution.caching.CachingState.fold(CachingState.java:59)
	at org.gradle.internal.execution.steps.BuildCacheStep.execute(BuildCacheStep.java:68)
	at org.gradle.internal.execution.steps.BuildCacheStep.execute(BuildCacheStep.java:46)
	at org.gradle.internal.execution.steps.StoreExecutionStateStep.execute(StoreExecutionStateStep.java:36)
	at org.gradle.internal.execution.steps.StoreExecutionStateStep.execute(StoreExecutionStateStep.java:25)
	at org.gradle.internal.execution.steps.RecordOutputsStep.execute(RecordOutputsStep.java:36)
	at org.gradle.internal.execution.steps.RecordOutputsStep.execute(RecordOutputsStep.java:22)
	at org.gradle.internal.execution.steps.SkipUpToDateStep.executeBecause(SkipUpToDateStep.java:91)
	at org.gradle.internal.execution.steps.SkipUpToDateStep.lambda$execute$2(SkipUpToDateStep.java:55)
	at org.gradle.internal.execution.steps.SkipUpToDateStep.execute(SkipUpToDateStep.java:55)
	at org.gradle.internal.execution.steps.SkipUpToDateStep.execute(SkipUpToDateStep.java:37)
	at org.gradle.internal.execution.steps.ResolveChangesStep.execute(ResolveChangesStep.java:65)
	at org.gradle.internal.execution.steps.ResolveChangesStep.execute(ResolveChangesStep.java:36)
	at org.gradle.internal.execution.steps.legacy.MarkSnapshottingInputsFinishedStep.execute(MarkSnapshottingInputsFinishedStep.java:37)
	at org.gradle.internal.execution.steps.legacy.MarkSnapshottingInputsFinishedStep.execute(MarkSnapshottingInputsFinishedStep.java:27)
	at org.gradle.internal.execution.steps.ResolveCachingStateStep.execute(ResolveCachingStateStep.java:76)
	at org.gradle.internal.execution.steps.ResolveCachingStateStep.execute(ResolveCachingStateStep.java:37)
	at org.gradle.internal.execution.steps.ValidateStep.execute(ValidateStep.java:94)
	at org.gradle.internal.execution.steps.ValidateStep.execute(ValidateStep.java:49)
	at org.gradle.internal.execution.steps.CaptureStateBeforeExecutionStep.execute(CaptureStateBeforeExecutionStep.java:71)
	at org.gradle.internal.execution.steps.CaptureStateBeforeExecutionStep.execute(CaptureStateBeforeExecutionStep.java:45)
	at org.gradle.internal.execution.steps.SkipEmptyWorkStep.executeWithNonEmptySources(SkipEmptyWorkStep.java:177)
	at org.gradle.internal.execution.steps.SkipEmptyWorkStep.execute(SkipEmptyWorkStep.java:86)
	at org.gradle.internal.execution.steps.SkipEmptyWorkStep.execute(SkipEmptyWorkStep.java:53)
	at org.gradle.internal.execution.steps.RemoveUntrackedExecutionStateStep.execute(RemoveUntrackedExecutionStateStep.java:32)
	at org.gradle.internal.execution.steps.RemoveUntrackedExecutionStateStep.execute(RemoveUntrackedExecutionStateStep.java:21)
	at org.gradle.internal.execution.steps.legacy.MarkSnapshottingInputsStartedStep.execute(MarkSnapshottingInputsStartedStep.java:38)
	at org.gradle.internal.execution.steps.LoadPreviousExecutionStateStep.execute(LoadPreviousExecutionStateStep.java:36)
	at org.gradle.internal.execution.steps.LoadPreviousExecutionStateStep.execute(LoadPreviousExecutionStateStep.java:23)
	at org.gradle.internal.execution.steps.CleanupStaleOutputsStep.execute(CleanupStaleOutputsStep.java:75)
	at org.gradle.internal.execution.steps.CleanupStaleOutputsStep.execute(CleanupStaleOutputsStep.java:41)
	at org.gradle.internal.execution.steps.AssignWorkspaceStep.lambda$execute$0(AssignWorkspaceStep.java:32)
	at org.gradle.api.internal.tasks.execution.TaskExecution$4.withWorkspace(TaskExecution.java:287)
	at org.gradle.internal.execution.steps.AssignWorkspaceStep.execute(AssignWorkspaceStep.java:30)
	at org.gradle.internal.execution.steps.AssignWorkspaceStep.execute(AssignWorkspaceStep.java:21)
	at org.gradle.internal.execution.steps.IdentityCacheStep.execute(IdentityCacheStep.java:37)
	at org.gradle.internal.execution.steps.IdentityCacheStep.execute(IdentityCacheStep.java:27)
	at org.gradle.internal.execution.steps.IdentifyStep.execute(IdentifyStep.java:47)
	at org.gradle.internal.execution.steps.IdentifyStep.execute(IdentifyStep.java:34)
	at org.gradle.internal.execution.impl.DefaultExecutionEngine$1.execute(DefaultExecutionEngine.java:64)
	at org.gradle.api.internal.tasks.execution.ExecuteActionsTaskExecuter.executeIfValid(ExecuteActionsTaskExecuter.java:146)
	at org.gradle.api.internal.tasks.execution.ExecuteActionsTaskExecuter.execute(ExecuteActionsTaskExecuter.java:135)
	at org.gradle.api.internal.tasks.execution.FinalizePropertiesTaskExecuter.execute(FinalizePropertiesTaskExecuter.java:46)
	at org.gradle.api.internal.tasks.execution.ResolveTaskExecutionModeExecuter.execute(ResolveTaskExecutionModeExecuter.java:51)
	at org.gradle.api.internal.tasks.execution.SkipTaskWithNoActionsExecuter.execute(SkipTaskWithNoActionsExecuter.java:57)
	at org.gradle.api.internal.tasks.execution.SkipOnlyIfTaskExecuter.execute(SkipOnlyIfTaskExecuter.java:74)
	at org.gradle.api.internal.tasks.execution.CatchExceptionTaskExecuter.execute(CatchExceptionTaskExecuter.java:36)
	at org.gradle.api.internal.tasks.execution.EventFiringTaskExecuter$1.executeTask(EventFiringTaskExecuter.java:77)
	at org.gradle.api.internal.tasks.execution.EventFiringTaskExecuter$1.call(EventFiringTaskExecuter.java:55)
	at org.gradle.api.internal.tasks.execution.EventFiringTaskExecuter$1.call(EventFiringTaskExecuter.java:52)
	at org.gradle.internal.operations.DefaultBuildOperationRunner$CallableBuildOperationWorker.execute(DefaultBuildOperationRunner.java:204)
	at org.gradle.internal.operations.DefaultBuildOperationRunner$CallableBuildOperationWorker.execute(DefaultBuildOperationRunner.java:199)
	at org.gradle.internal.operations.DefaultBuildOperationRunner$2.execute(DefaultBuildOperationRunner.java:66)
	at org.gradle.internal.operations.DefaultBuildOperationRunner$2.execute(DefaultBuildOperationRunner.java:59)
	at org.gradle.internal.operations.DefaultBuildOperationRunner.execute(DefaultBuildOperationRunner.java:157)
	at org.gradle.internal.operations.DefaultBuildOperationRunner.execute(DefaultBuildOperationRunner.java:59)
	at org.gradle.internal.operations.DefaultBuildOperationRunner.call(DefaultBuildOperationRunner.java:53)
	at org.gradle.internal.operations.DefaultBuildOperationExecutor.call(DefaultBuildOperationExecutor.java:73)
	at org.gradle.api.internal.tasks.execution.EventFiringTaskExecuter.execute(EventFiringTaskExecuter.java:52)
	at org.gradle.execution.plan.LocalTaskNodeExecutor.execute(LocalTaskNodeExecutor.java:42)
	at org.gradle.execution.taskgraph.DefaultTaskExecutionGraph$InvokeNodeExecutorsAction.execute(DefaultTaskExecutionGraph.java:337)
	at org.gradle.execution.taskgraph.DefaultTaskExecutionGraph$InvokeNodeExecutorsAction.execute(DefaultTaskExecutionGraph.java:324)
	at org.gradle.execution.taskgraph.DefaultTaskExecutionGraph$BuildOperationAwareExecutionAction.execute(DefaultTaskExecutionGraph.java:317)
	at org.gradle.execution.taskgraph.DefaultTaskExecutionGraph$BuildOperationAwareExecutionAction.execute(DefaultTaskExecutionGraph.java:303)
	at org.gradle.execution.plan.DefaultPlanExecutor$ExecutorWorker.execute(DefaultPlanExecutor.java:463)
	at org.gradle.execution.plan.DefaultPlanExecutor$ExecutorWorker.run(DefaultPlanExecutor.java:380)
	at org.gradle.internal.concurrent.ExecutorPolicy$CatchAndRecordFailures.onExecute(ExecutorPolicy.java:64)
	at org.gradle.internal.concurrent.ManagedExecutorImpl$1.run(ManagedExecutorImpl.java:49)
Caused by: org.jetbrains.kotlin.gradle.tasks.CompilationErrorException: Compilation error. See log for more details
	at org.jetbrains.kotlin.gradle.tasks.TasksUtilsKt.throwExceptionIfCompilationFailed(tasksUtils.kt:22)
	at org.jetbrains.kotlin.compilerRunner.GradleKotlinCompilerWork.run(GradleKotlinCompilerWork.kt:144)
	at org.jetbrains.kotlin.compilerRunner.GradleCompilerRunnerWithWorkers$GradleKotlinCompilerWorkAction.execute(GradleCompilerRunnerWithWorkers.kt:76)
	at org.gradle.workers.internal.DefaultWorkerServer.execute(DefaultWorkerServer.java:63)
	at org.gradle.workers.internal.NoIsolationWorkerFactory$1$1.create(NoIsolationWorkerFactory.java:66)
	at org.gradle.workers.internal.NoIsolationWorkerFactory$1$1.create(NoIsolationWorkerFactory.java:62)
	at org.gradle.internal.classloader.ClassLoaderUtils.executeInClassloader(ClassLoaderUtils.java:100)
	at org.gradle.workers.internal.NoIsolationWorkerFactory$1.lambda$execute$0(NoIsolationWorkerFactory.java:62)
	at org.gradle.workers.internal.AbstractWorker$1.call(AbstractWorker.java:44)
	at org.gradle.workers.internal.AbstractWorker$1.call(AbstractWorker.java:41)
	at org.gradle.internal.operations.DefaultBuildOperationRunner$CallableBuildOperationWorker.execute(DefaultBuildOperationRunner.java:204)
	at org.gradle.internal.operations.DefaultBuildOperationRunner$CallableBuildOperationWorker.execute(DefaultBuildOperationRunner.java:199)
	at org.gradle.internal.operations.DefaultBuildOperationRunner$2.execute(DefaultBuildOperationRunner.java:66)
	at org.gradle.internal.operations.DefaultBuildOperationRunner$2.execute(DefaultBuildOperationRunner.java:59)
	at org.gradle.internal.operations.DefaultBuildOperationRunner.execute(DefaultBuildOperationRunner.java:157)
	at org.gradle.internal.operations.DefaultBuildOperationRunner.execute(DefaultBuildOperationRunner.java:59)
	at org.gradle.internal.operations.DefaultBuildOperationRunner.call(DefaultBuildOperationRunner.java:53)
	at org.gradle.internal.operations.DefaultBuildOperationExecutor.call(DefaultBuildOperationExecutor.java:73)
	at org.gradle.workers.internal.AbstractWorker.executeWrappedInBuildOperation(AbstractWorker.java:41)
	at org.gradle.workers.internal.NoIsolationWorkerFactory$1.execute(NoIsolationWorkerFactory.java:59)
	at org.gradle.workers.internal.DefaultWorkerExecutor.lambda$submitWork$0(DefaultWorkerExecutor.java:169)
	at org.gradle.internal.work.DefaultConditionalExecutionQueue$ExecutionRunner.runExecution(DefaultConditionalExecutionQueue.java:187)
	at org.gradle.internal.work.DefaultConditionalExecutionQueue$ExecutionRunner.access$700(DefaultConditionalExecutionQueue.java:120)
	at org.gradle.internal.work.DefaultConditionalExecutionQueue$ExecutionRunner$1.run(DefaultConditionalExecutionQueue.java:162)
	at org.gradle.internal.Factories$1.create(Factories.java:31)
	at org.gradle.internal.work.DefaultWorkerLeaseService.withLocks(DefaultWorkerLeaseService.java:249)
	at org.gradle.internal.work.DefaultWorkerLeaseService.runAsWorkerThread(DefaultWorkerLeaseService.java:109)
	at org.gradle.internal.work.DefaultWorkerLeaseService.runAsWorkerThread(DefaultWorkerLeaseService.java:114)
	at org.gradle.internal.work.DefaultConditionalExecutionQueue$ExecutionRunner.runBatch(DefaultConditionalExecutionQueue.java:157)
	at org.gradle.internal.work.DefaultConditionalExecutionQueue$ExecutionRunner.run(DefaultConditionalExecutionQueue.java:126)
	... 2 more


* Get more help at https://help.gradle.org

BUILD FAILED in 2m 45s
26 actionable tasks: 26 executed
